lakecode,lakename,command_id,command_name,datatime,value1,value2
4AB3F3C8-D7F4-44AA-897C-E93BDCFA1DCC,Ka Nak,425870,Q xả,06/11/2025 07:00:00,100,
4AB3F3C8-D7F4-44AA-897C-E93BDCFA1DCC,Ka Nak,425870,Q xả,06/11/2025 13:00:00,150,
4AB3F3C8-D7F4-44AA-897C-E93BDCFA1DCC,Ka Nak,425870,Q xả,06/11/2025 17:00:00,150,
4AB3F3C8-D7F4-44AA-897C-E93BDCFA1DCC,Ka Nak,425870,Q xả,06/11/2025 18:00:00,150,
4AB3F3C8-D7F4-44AA-897C-E93BDCFA1DCC,Ka Nak,425870,Q xả,06/11/2025 19:00:00,150,
4AB3F3C8-D7F4-44AA-897C-E93BDCFA1DCC,Ka Nak,425870,Q xả,06/11/2025 20:00:00,150,
4AB3F3C8-D7F4-44AA-897C-E93BDCFA1DCC,Ka Nak,425870,Q xả,06/11/2025 21:00:00,150,
4AB3F3C8-D7F4-44AA-897C-E93BDCFA1DCC,Ka Nak,425870,Q xả,06/11/2025 22:00:00,150,
4AB3F3C8-D7F4-44AA-897C-E93BDCFA1DCC,Ka Nak,425870,Q xả,06/11/2025 23:00:00,150,
4AB3F3C8-D7F4-44AA-897C-E93BDCFA1DCC,Ka Nak,425870,Q xả,07/11/2025 00:00:00,150,
73bb8be6-bbd6-4042-8360-30abdced336a,Ia M’lá,425870,Q xả,06/11/2025 07:00:00,100,
73bb8be6-bbd6-4042-8360-30abdced336a,Ia M’lá,425870,Q xả,06/11/2025 13:00:00,150,
73bb8be6-bbd6-4042-8360-30abdced336a,Ia M’lá,425870,Q xả,06/11/2025 17:00:00,150,
73bb8be6-bbd6-4042-8360-30abdced336a,Ia M’lá,425870,Q xả,06/11/2025 18:00:00,150,
73bb8be6-bbd6-4042-8360-30abdced336a,Ia M’lá,425870,Q xả,06/11/2025 19:00:00,150,
73bb8be6-bbd6-4042-8360-30abdced336a,Ia M’lá,425870,Q xả,06/11/2025 20:00:00,150,
73bb8be6-bbd6-4042-8360-30abdced336a,Ia M’lá,425870,Q xả,06/11/2025 21:00:00,150,
73bb8be6-bbd6-4042-8360-30abdced336a,Ia M’lá,425870,Q xả,06/11/2025 22:00:00,150,
73bb8be6-bbd6-4042-8360-30abdced336a,Ia M’lá,425870,Q xả,06/11/2025 23:00:00,150,
73bb8be6-bbd6-4042-8360-30abdced336a,Ia M’lá,425870,Q xả,07/11/2025 00:00:00,150,
7D5B7DB0-D64A-4A36-BD4E-54A95CA62E9D,Sông Ba Hạ,425870,Q xả,06/11/2025 07:00:00,100,
7D5B7DB0-D64A-4A36-BD4E-54A95CA62E9D,Sông Ba Hạ,425870,Q xả,06/11/2025 13:00:00,150,
7D5B7DB0-D64A-4A36-BD4E-54A95CA62E9D,Sông Ba Hạ,425870,Q xả,06/11/2025 17:00:00,150,
7D5B7DB0-D64A-4A36-BD4E-54A95CA62E9D,Sông Ba Hạ,425870,Q xả,06/11/2025 18:00:00,150,
7D5B7DB0-D64A-4A36-BD4E-54A95CA62E9D,Sông Ba Hạ,425870,Q xả,06/11/2025 19:00:00,150,
7D5B7DB0-D64A-4A36-BD4E-54A95CA62E9D,Sông Ba Hạ,425870,Q xả,06/11/2025 20:00:00,150,
7D5B7DB0-D64A-4A36-BD4E-54A95CA62E9D,Sông Ba Hạ,425870,Q xả,06/11/2025 21:00:00,150,
7D5B7DB0-D64A-4A36-BD4E-54A95CA62E9D,Sông Ba Hạ,425870,Q xả,06/11/2025 22:00:00,150,
7D5B7DB0-D64A-4A36-BD4E-54A95CA62E9D,Sông Ba Hạ,425870,Q xả,06/11/2025 23:00:00,150,
7D5B7DB0-D64A-4A36-BD4E-54A95CA62E9D,Sông Ba Hạ,425870,Q xả,07/11/2025 00:00:00,150,
9CBE33CD-5CFB-4CB9-BAEB-59147A825DF0,Ayun Hạ,425870,Q xả,06/11/2025 07:00:00,100,
9CBE33CD-5CFB-4CB9-BAEB-59147A825DF0,Ayun Hạ,425870,Q xả,06/11/2025 13:00:00,150,
9CBE33CD-5CFB-4CB9-BAEB-59147A825DF0,Ayun Hạ,425870,Q xả,06/11/2025 17:00:00,150,
9CBE33CD-5CFB-4CB9-BAEB-59147A825DF0,Ayun Hạ,425870,Q xả,06/11/2025 18:00:00,150,
9CBE33CD-5CFB-4CB9-BAEB-59147A825DF0,Ayun Hạ,425870,Q xả,06/11/2025 19:00:00,150,
9CBE33CD-5CFB-4CB9-BAEB-59147A825DF0,Ayun Hạ,425870,Q xả,06/11/2025 20:00:00,150,
9CBE33CD-5CFB-4CB9-BAEB-59147A825DF0,Ayun Hạ,425870,Q xả,06/11/2025 21:00:00,150,
9CBE33CD-5CFB-4CB9-BAEB-59147A825DF0,Ayun Hạ,425870,Q xả,06/11/2025 22:00:00,150,
9CBE33CD-5CFB-4CB9-BAEB-59147A825DF0,Ayun Hạ,425870,Q xả,06/11/2025 23:00:00,150,
9CBE33CD-5CFB-4CB9-BAEB-59147A825DF0,Ayun Hạ,425870,Q xả,07/11/2025 00:00:00,150,
D0C28BB9-FE47-4BC2-B0DB-445038C1D1C5,Sông Hinh,425870,Q xả,06/11/2025 07:00:00,100,
D0C28BB9-FE47-4BC2-B0DB-445038C1D1C5,Sông Hinh,425870,Q xả,06/11/2025 13:00:00,150,
D0C28BB9-FE47-4BC2-B0DB-445038C1D1C5,Sông Hinh,425870,Q xả,06/11/2025 17:00:00,150,
D0C28BB9-FE47-4BC2-B0DB-445038C1D1C5,Sông Hinh,425870,Q xả,06/11/2025 18:00:00,150,
D0C28BB9-FE47-4BC2-B0DB-445038C1D1C5,Sông Hinh,425870,Q xả,06/11/2025 19:00:00,150,
D0C28BB9-FE47-4BC2-B0DB-445038C1D1C5,Sông Hinh,425870,Q xả,06/11/2025 20:00:00,150,
D0C28BB9-FE47-4BC2-B0DB-445038C1D1C5,Sông Hinh,425870,Q xả,06/11/2025 21:00:00,150,
D0C28BB9-FE47-4BC2-B0DB-445038C1D1C5,Sông Hinh,425870,Q xả,06/11/2025 22:00:00,150,
D0C28BB9-FE47-4BC2-B0DB-445038C1D1C5,Sông Hinh,425870,Q xả,06/11/2025 23:00:00,150,
D0C28BB9-FE47-4BC2-B0DB-445038C1D1C5,Sông Hinh,425870,Q xả,07/11/2025 00:00:00,150,
9BFF6E76-94E2-4233-B659-258D74A1295F,Trà Xom 1,425870,Q xả,06/11/2025 07:00:00,100,
9BFF6E76-94E2-4233-B659-258D74A1295F,Trà Xom 1,425870,Q xả,06/11/2025 13:00:00,150,
9BFF6E76-94E2-4233-B659-258D74A1295F,Trà Xom 1,425870,Q xả,06/11/2025 17:00:00,150,
9BFF6E76-94E2-4233-B659-258D74A1295F,Trà Xom 1,425870,Q xả,06/11/2025 18:00:00,150,
9BFF6E76-94E2-4233-B659-258D74A1295F,Trà Xom 1,425870,Q xả,06/11/2025 19:00:00,150,
9BFF6E76-94E2-4233-B659-258D74A1295F,Trà Xom 1,425870,Q xả,06/11/2025 20:00:00,150,
9BFF6E76-94E2-4233-B659-258D74A1295F,Trà Xom 1,425870,Q xả,06/11/2025 21:00:00,150,
9BFF6E76-94E2-4233-B659-258D74A1295F,Trà Xom 1,425870,Q xả,06/11/2025 22:00:00,150,
9BFF6E76-94E2-4233-B659-258D74A1295F,Trà Xom 1,425870,Q xả,06/11/2025 23:00:00,150,
9BFF6E76-94E2-4233-B659-258D74A1295F,Trà Xom 1,425870,Q xả,07/11/2025 00:00:00,150,
c9a8c4ca-f1bb-467f-82c4-0999294af8fc,Định Bình,425870,Q xả,06/11/2025 07:00:00,100,
c9a8c4ca-f1bb-467f-82c4-0999294af8fc,Định Bình,425870,Q xả,06/11/2025 13:00:00,150,
c9a8c4ca-f1bb-467f-82c4-0999294af8fc,Định Bình,425870,Q xả,06/11/2025 17:00:00,150,
c9a8c4ca-f1bb-467f-82c4-0999294af8fc,Định Bình,425870,Q xả,06/11/2025 18:00:00,150,
c9a8c4ca-f1bb-467f-82c4-0999294af8fc,Định Bình,425870,Q xả,06/11/2025 19:00:00,150,
c9a8c4ca-f1bb-467f-82c4-0999294af8fc,Định Bình,425870,Q xả,06/11/2025 20:00:00,150,
c9a8c4ca-f1bb-467f-82c4-0999294af8fc,Định Bình,425870,Q xả,06/11/2025 21:00:00,150,
c9a8c4ca-f1bb-467f-82c4-0999294af8fc,Định Bình,425870,Q xả,06/11/2025 22:00:00,150,
c9a8c4ca-f1bb-467f-82c4-0999294af8fc,Định Bình,425870,Q xả,06/11/2025 23:00:00,150,
c9a8c4ca-f1bb-467f-82c4-0999294af8fc,Định Bình,425870,Q xả,07/11/2025 00:00:00,150,
0CE5BB74-C0BB-4C3F-8F2F-2F99485098AD,Krông Búk hạ,425870,Q xả,06/11/2025 07:00:00,100,
0CE5BB74-C0BB-4C3F-8F2F-2F99485098AD,Krông Búk hạ,425870,Q xả,06/11/2025 13:00:00,150,
0CE5BB74-C0BB-4C3F-8F2F-2F99485098AD,Krông Búk hạ,425870,Q xả,06/11/2025 17:00:00,150,
0CE5BB74-C0BB-4C3F-8F2F-2F99485098AD,Krông Búk hạ,425870,Q xả,06/11/2025 18:00:00,150,
0CE5BB74-C0BB-4C3F-8F2F-2F99485098AD,Krông Búk hạ,425870,Q xả,06/11/2025 19:00:00,150,
0CE5BB74-C0BB-4C3F-8F2F-2F99485098AD,Krông Búk hạ,425870,Q xả,06/11/2025 20:00:00,150,
0CE5BB74-C0BB-4C3F-8F2F-2F99485098AD,Krông Búk hạ,425870,Q xả,06/11/2025 21:00:00,150,
0CE5BB74-C0BB-4C3F-8F2F-2F99485098AD,Krông Búk hạ,425870,Q xả,06/11/2025 22:00:00,150,
0CE5BB74-C0BB-4C3F-8F2F-2F99485098AD,Krông Búk hạ,425870,Q xả,06/11/2025 23:00:00,150,
0CE5BB74-C0BB-4C3F-8F2F-2F99485098AD,Krông Búk hạ,425870,Q xả,07/11/2025 00:00:00,150,
8DDDF139-D18F-484B-8BE8-832EF79861F6,Buôn Tua Srah,425870,Q xả,06/11/2025 07:00:00,100,
8DDDF139-D18F-484B-8BE8-832EF79861F6,Buôn Tua Srah,425870,Q xả,06/11/2025 13:00:00,150,
8DDDF139-D18F-484B-8BE8-832EF79861F6,Buôn Tua Srah,425870,Q xả,06/11/2025 17:00:00,150,
8DDDF139-D18F-484B-8BE8-832EF79861F6,Buôn Tua Srah,425870,Q xả,06/11/2025 18:00:00,150,
8DDDF139-D18F-484B-8BE8-832EF79861F6,Buôn Tua Srah,425870,Q xả,06/11/2025 19:00:00,150,
8DDDF139-D18F-484B-8BE8-832EF79861F6,Buôn Tua Srah,425870,Q xả,06/11/2025 20:00:00,150,
8DDDF139-D18F-484B-8BE8-832EF79861F6,Buôn Tua Srah,425870,Q xả,06/11/2025 21:00:00,150,
8DDDF139-D18F-484B-8BE8-832EF79861F6,Buôn Tua Srah,425870,Q xả,06/11/2025 22:00:00,150,
8DDDF139-D18F-484B-8BE8-832EF79861F6,Buôn Tua Srah,425870,Q xả,06/11/2025 23:00:00,150,
8DDDF139-D18F-484B-8BE8-832EF79861F6,Buôn Tua Srah,425870,Q xả,07/11/2025 00:00:00,150,
929f34bb-4d88-4364-8882-4099e75bcfd5,Nước Trong,425870,Q xả,06/11/2025 07:00:00,100,
929f34bb-4d88-4364-8882-4099e75bcfd5,Nước Trong,425870,Q xả,06/11/2025 13:00:00,150,
929f34bb-4d88-4364-8882-4099e75bcfd5,Nước Trong,425870,Q xả,06/11/2025 17:00:00,150,
929f34bb-4d88-4364-8882-4099e75bcfd5,Nước Trong,425870,Q xả,06/11/2025 18:00:00,150,
929f34bb-4d88-4364-8882-4099e75bcfd5,Nước Trong,425870,Q xả,06/11/2025 19:00:00,150,
929f34bb-4d88-4364-8882-4099e75bcfd5,Nước Trong,425870,Q xả,06/11/2025 20:00:00,150,
929f34bb-4d88-4364-8882-4099e75bcfd5,Nước Trong,425870,Q xả,06/11/2025 21:00:00,150,
929f34bb-4d88-4364-8882-4099e75bcfd5,Nước Trong,425870,Q xả,06/11/2025 22:00:00,150,
929f34bb-4d88-4364-8882-4099e75bcfd5,Nước Trong,425870,Q xả,06/11/2025 23:00:00,150,
929f34bb-4d88-4364-8882-4099e75bcfd5,Nước Trong,425870,Q xả,07/11/2025 00:00:00,150,
062A7CF0-46F3-4E99-8BCD-040CEF304344,Thuận Ninh,425870,Q xả,06/11/2025 07:00:00,100,
062A7CF0-46F3-4E99-8BCD-040CEF304344,Thuận Ninh,425870,Q xả,06/11/2025 13:00:00,150,
062A7CF0-46F3-4E99-8BCD-040CEF304344,Thuận Ninh,425870,Q xả,06/11/2025 17:00:00,150,
062A7CF0-46F3-4E99-8BCD-040CEF304344,Thuận Ninh,425870,Q xả,06/11/2025 18:00:00,150,
062A7CF0-46F3-4E99-8BCD-040CEF304344,Thuận Ninh,425870,Q xả,06/11/2025 19:00:00,150,
062A7CF0-46F3-4E99-8BCD-040CEF304344,Thuận Ninh,425870,Q xả,06/11/2025 20:00:00,150,
062A7CF0-46F3-4E99-8BCD-040CEF304344,Thuận Ninh,425870,Q xả,06/11/2025 21:00:00,150,
062A7CF0-46F3-4E99-8BCD-040CEF304344,Thuận Ninh,425870,Q xả,06/11/2025 22:00:00,150,
062A7CF0-46F3-4E99-8BCD-040CEF304344,Thuận Ninh,425870,Q xả,06/11/2025 23:00:00,150,
062A7CF0-46F3-4E99-8BCD-040CEF304344,Thuận Ninh,425870,Q xả,07/11/2025 00:00:00,150,
4AB3F3C8-D7F4-44AA-897C-E93BDCFA1DCC,Ka Nak,425860,Dung tích,31/10/2025 07:00:00,193.9629,
4AB3F3C8-D7F4-44AA-897C-E93BDCFA1DCC,Ka Nak,425860,Dung tích,31/10/2025 13:00:00,195.403458,
4AB3F3C8-D7F4-44AA-897C-E93BDCFA1DCC,Ka Nak,425860,Dung tích,31/10/2025 17:00:00,196.319733,
4AB3F3C8-D7F4-44AA-897C-E93BDCFA1DCC,Ka Nak,425860,Dung tích,01/11/2025 07:00:00,199.200424,
4AB3F3C8-D7F4-44AA-897C-E93BDCFA1DCC,Ka Nak,425860,Dung tích,01/11/2025 13:00:00,200.640976,
4AB3F3C8-D7F4-44AA-897C-E93BDCFA1DCC,Ka Nak,425860,Dung tích,01/11/2025 17:00:00,201.295517,
4AB3F3C8-D7F4-44AA-897C-E93BDCFA1DCC,Ka Nak,425860,Dung tích,02/11/2025 07:00:00,204.700073,
4AB3F3C8-D7F4-44AA-897C-E93BDCFA1DCC,Ka Nak,425860,Dung tích,02/11/2025 13:00:00,207.187973,
4AB3F3C8-D7F4-44AA-897C-E93BDCFA1DCC,Ka Nak,425860,Dung tích,02/11/2025 17:00:00,208.628128,
4AB3F3C8-D7F4-44AA-897C-E93BDCFA1DCC,Ka Nak,425860,Dung tích,03/11/2025 07:00:00,213.9967,
4AB3F3C8-D7F4-44AA-897C-E93BDCFA1DCC,Ka Nak,425860,Dung tích,03/11/2025 13:00:00,215.960724,
4AB3F3C8-D7F4-44AA-897C-E93BDCFA1DCC,Ka Nak,425860,Dung tích,03/11/2025 17:00:00,217.008484,
4AB3F3C8-D7F4-44AA-897C-E93BDCFA1DCC,Ka Nak,425860,Dung tích,04/11/2025 07:00:00,220.412643,
4AB3F3C8-D7F4-44AA-897C-E93BDCFA1DCC,Ka Nak,425860,Dung tích,04/11/2025 13:00:00,221.591461,
4AB3F3C8-D7F4-44AA-897C-E93BDCFA1DCC,Ka Nak,425860,Dung tích,04/11/2025 17:00:00,221.984253,
4AB3F3C8-D7F4-44AA-897C-E93BDCFA1DCC,Ka Nak,425860,Dung tích,05/11/2025 07:00:00,223.555481,
4AB3F3C8-D7F4-44AA-897C-E93BDCFA1DCC,Ka Nak,425860,Dung tích,05/11/2025 13:00:00,224.210022,
4AB3F3C8-D7F4-44AA-897C-E93BDCFA1DCC,Ka Nak,425860,Dung tích,05/11/2025 17:00:00,224.472153,
4AB3F3C8-D7F4-44AA-897C-E93BDCFA1DCC,Ka Nak,425860,Dung tích,06/11/2025 07:00:00,224.86496,
4AB3F3C8-D7F4-44AA-897C-E93BDCFA1DCC,Ka Nak,425860,Dung tích,06/11/2025 13:00:00,222.900543,
4AB3F3C8-D7F4-44AA-897C-E93BDCFA1DCC,Ka Nak,425860,Dung tích,06/11/2025 17:00:00,222.37706,
4AB3F3C8-D7F4-44AA-897C-E93BDCFA1DCC,Ka Nak,425860,Dung tích,06/11/2025 18:00:00,222.37706,
4AB3F3C8-D7F4-44AA-897C-E93BDCFA1DCC,Ka Nak,425860,Dung tích,06/11/2025 19:00:00,222.37706,
4AB3F3C8-D7F4-44AA-897C-E93BDCFA1DCC,Ka Nak,425860,Dung tích,06/11/2025 20:00:00,222.507736,
4AB3F3C8-D7F4-44AA-897C-E93BDCFA1DCC,Ka Nak,425860,Dung tích,06/11/2025 21:00:00,222.769867,
4AB3F3C8-D7F4-44AA-897C-E93BDCFA1DCC,Ka Nak,425860,Dung tích,06/11/2025 22:00:00,223.162674,
4AB3F3C8-D7F4-44AA-897C-E93BDCFA1DCC,Ka Nak,425860,Dung tích,06/11/2025 23:00:00,223.424408,
4AB3F3C8-D7F4-44AA-897C-E93BDCFA1DCC,Ka Nak,425860,Dung tích,07/11/2025 00:00:00,223.555481,
4AB3F3C8-D7F4-44AA-897C-E93BDCFA1DCC,Ka Nak,425860,Dung tích,07/11/2025 01:00:00,224.210022,
4AB3F3C8-D7F4-44AA-897C-E93BDCFA1DCC,Ka Nak,425860,Dung tích,07/11/2025 02:00:00,224.995621,
4AB3F3C8-D7F4-44AA-897C-E93BDCFA1DCC,Ka Nak,425860,Dung tích,07/11/2025 03:00:00,225.9123,
4AB3F3C8-D7F4-44AA-897C-E93BDCFA1DCC,Ka Nak,425860,Dung tích,07/11/2025 04:00:00,227.090714,
4AB3F3C8-D7F4-44AA-897C-E93BDCFA1DCC,Ka Nak,425860,Dung tích,07/11/2025 05:00:00,228.400192,
4AB3F3C8-D7F4-44AA-897C-E93BDCFA1DCC,Ka Nak,425860,Dung tích,07/11/2025 06:00:00,229.709671,
4AB3F3C8-D7F4-44AA-897C-E93BDCFA1DCC,Ka Nak,425860,Dung tích,07/11/2025 07:00:00,231.01915,
73bb8be6-bbd6-4042-8360-30abdced336a,Ia M’lá,425860,Dung tích,31/10/2025 07:00:00,193.9629,
73bb8be6-bbd6-4042-8360-30abdced336a,Ia M’lá,425860,Dung tích,31/10/2025 13:00:00,195.403458,
73bb8be6-bbd6-4042-8360-30abdced336a,Ia M’lá,425860,Dung tích,31/10/2025 17:00:00,196.319733,
73bb8be6-bbd6-4042-8360-30abdced336a,Ia M’lá,425860,Dung tích,01/11/2025 07:00:00,199.200424,
73bb8be6-bbd6-4042-8360-30abdced336a,Ia M’lá,425860,Dung tích,01/11/2025 13:00:00,200.640976,
73bb8be6-bbd6-4042-8360-30abdced336a,Ia M’lá,425860,Dung tích,01/11/2025 17:00:00,201.295517,
73bb8be6-bbd6-4042-8360-30abdced336a,Ia M’lá,425860,Dung tích,02/11/2025 07:00:00,204.700073,
73bb8be6-bbd6-4042-8360-30abdced336a,Ia M’lá,425860,Dung tích,02/11/2025 13:00:00,207.187973,
73bb8be6-bbd6-4042-8360-30abdced336a,Ia M’lá,425860,Dung tích,02/11/2025 17:00:00,208.628128,
73bb8be6-bbd6-4042-8360-30abdced336a,Ia M’lá,425860,Dung tích,03/11/2025 07:00:00,213.9967,
73bb8be6-bbd6-4042-8360-30abdced336a,Ia M’lá,425860,Dung tích,03/11/2025 13:00:00,215.960724,
73bb8be6-bbd6-4042-8360-30abdced336a,Ia M’lá,425860,Dung tích,03/11/2025 17:00:00,217.008484,
73bb8be6-bbd6-4042-8360-30abdced336a,Ia M’lá,425860,Dung tích,04/11/2025 07:00:00,220.412643,
73bb8be6-bbd6-4042-8360-30abdced336a,Ia M’lá,425860,Dung tích,04/11/2025 13:00:00,221.591461,
73bb8be6-bbd6-4042-8360-30abdced336a,Ia M’lá,425860,Dung tích,04/11/2025 17:00:00,221.984253,
73bb8be6-bbd6-4042-8360-30abdced336a,Ia M’lá,425860,Dung tích,05/11/2025 07:00:00,223.555481,
73bb8be6-bbd6-4042-8360-30abdced336a,Ia M’lá,425860,Dung tích,05/11/2025 13:00:00,224.210022,
73bb8be6-bbd6-4042-8360-30abdced336a,Ia M’lá,425860,Dung tích,05/11/2025 17:00:00,224.472153,
73bb8be6-bbd6-4042-8360-30abdced336a,Ia M’lá,425860,Dung tích,06/11/2025 07:00:00,224.86496,
73bb8be6-bbd6-4042-8360-30abdced336a,Ia M’lá,425860,Dung tích,06/11/2025 13:00:00,222.900543,
73bb8be6-bbd6-4042-8360-30abdced336a,Ia M’lá,425860,Dung tích,06/11/2025 17:00:00,222.37706,
73bb8be6-bbd6-4042-8360-30abdced336a,Ia M’lá,425860,Dung tích,06/11/2025 18:00:00,222.37706,
73bb8be6-bbd6-4042-8360-30abdced336a,Ia M’lá,425860,Dung tích,06/11/2025 19:00:00,222.37706,
73bb8be6-bbd6-4042-8360-30abdced336a,Ia M’lá,425860,Dung tích,06/11/2025 20:00:00,222.507736,
73bb8be6-bbd6-4042-8360-30abdced336a,Ia M’lá,425860,Dung tích,06/11/2025 21:00:00,222.769867,
73bb8be6-bbd6-4042-8360-30abdced336a,Ia M’lá,425860,Dung tích,06/11/2025 22:00:00,223.162674,
73bb8be6-bbd6-4042-8360-30abdced336a,Ia M’lá,425860,Dung tích,06/11/2025 23:00:00,223.424408,
73bb8be6-bbd6-4042-8360-30abdced336a,Ia M’lá,425860,Dung tích,07/11/2025 00:00:00,223.555481,
73bb8be6-bbd6-4042-8360-30abdced336a,Ia M’lá,425860,Dung tích,07/11/2025 01:00:00,224.210022,
73bb8be6-bbd6-4042-8360-30abdced336a,Ia M’lá,425860,Dung tích,07/11/2025 02:00:00,224.995621,
73bb8be6-bbd6-4042-8360-30abdced336a,Ia M’lá,425860,Dung tích,07/11/2025 03:00:00,225.9123,
73bb8be6-bbd6-4042-8360-30abdced336a,Ia M’lá,425860,Dung tích,07/11/2025 04:00:00,227.090714,
73bb8be6-bbd6-4042-8360-30abdced336a,Ia M’lá,425860,Dung tích,07/11/2025 05:00:00,228.400192,
73bb8be6-bbd6-4042-8360-30abdced336a,Ia M’lá,425860,Dung tích,07/11/2025 06:00:00,229.709671,
73bb8be6-bbd6-4042-8360-30abdced336a,Ia M’lá,425860,Dung tích,07/11/2025 07:00:00,231.01915,
7D5B7DB0-D64A-4A36-BD4E-54A95CA62E9D,Sông Ba Hạ,425860,Dung tích,31/10/2025 07:00:00,193.9629,
7D5B7DB0-D64A-4A36-BD4E-54A95CA62E9D,Sông Ba Hạ,425860,Dung tích,31/10/2025 13:00:00,195.403458,
7D5B7DB0-D64A-4A36-BD4E-54A95CA62E9D,Sông Ba Hạ,425860,Dung tích,31/10/2025 17:00:00,196.319733,
7D5B7DB0-D64A-4A36-BD4E-54A95CA62E9D,Sông Ba Hạ,425860,Dung tích,01/11/2025 07:00:00,199.200424,
7D5B7DB0-D64A-4A36-BD4E-54A95CA62E9D,Sông Ba Hạ,425860,Dung tích,01/11/2025 13:00:00,200.640976,
7D5B7DB0-D64A-4A36-BD4E-54A95CA62E9D,Sông Ba Hạ,425860,Dung tích,01/11/2025 17:00:00,201.295517,
7D5B7DB0-D64A-4A36-BD4E-54A95CA62E9D,Sông Ba Hạ,425860,Dung tích,02/11/2025 07:00:00,204.700073,
7D5B7DB0-D64A-4A36-BD4E-54A95CA62E9D,Sông Ba Hạ,425860,Dung tích,02/11/2025 13:00:00,207.187973,
7D5B7DB0-D64A-4A36-BD4E-54A95CA62E9D,Sông Ba Hạ,425860,Dung tích,02/11/2025 17:00:00,208.628128,
7D5B7DB0-D64A-4A36-BD4E-54A95CA62E9D,Sông Ba Hạ,425860,Dung tích,03/11/2025 07:00:00,213.9967,
7D5B7DB0-D64A-4A36-BD4E-54A95CA62E9D,Sông Ba Hạ,425860,Dung tích,03/11/2025 13:00:00,215.960724,
7D5B7DB0-D64A-4A36-BD4E-54A95CA62E9D,Sông Ba Hạ,425860,Dung tích,03/11/2025 17:00:00,217.008484,
7D5B7DB0-D64A-4A36-BD4E-54A95CA62E9D,Sông Ba Hạ,425860,Dung tích,04/11/2025 07:00:00,220.412643,
7D5B7DB0-D64A-4A36-BD4E-54A95CA62E9D,Sông Ba Hạ,425860,Dung tích,04/11/2025 13:00:00,221.591461,
7D5B7DB0-D64A-4A36-BD4E-54A95CA62E9D,Sông Ba Hạ,425860,Dung tích,04/11/2025 17:00:00,221.984253,
7D5B7DB0-D64A-4A36-BD4E-54A95CA62E9D,Sông Ba Hạ,425860,Dung tích,05/11/2025 07:00:00,223.555481,
7D5B7DB0-D64A-4A36-BD4E-54A95CA62E9D,Sông Ba Hạ,425860,Dung tích,05/11/2025 13:00:00,224.210022,
7D5B7DB0-D64A-4A36-BD4E-54A95CA62E9D,Sông Ba Hạ,425860,Dung tích,05/11/2025 17:00:00,224.472153,
7D5B7DB0-D64A-4A36-BD4E-54A95CA62E9D,Sông Ba Hạ,425860,Dung tích,06/11/2025 07:00:00,224.86496,
7D5B7DB0-D64A-4A36-BD4E-54A95CA62E9D,Sông Ba Hạ,425860,Dung tích,06/11/2025 13:00:00,222.900543,
7D5B7DB0-D64A-4A36-BD4E-54A95CA62E9D,Sông Ba Hạ,425860,Dung tích,06/11/2025 17:00:00,222.37706,
7D5B7DB0-D64A-4A36-BD4E-54A95CA62E9D,Sông Ba Hạ,425860,Dung tích,06/11/2025 18:00:00,222.37706,
7D5B7DB0-D64A-4A36-BD4E-54A95CA62E9D,Sông Ba Hạ,425860,Dung tích,06/11/2025 19:00:00,222.37706,
7D5B7DB0-D64A-4A36-BD4E-54A95CA62E9D,Sông Ba Hạ,425860,Dung tích,06/11/2025 20:00:00,222.507736,
7D5B7DB0-D64A-4A36-BD4E-54A95CA62E9D,Sông Ba Hạ,425860,Dung tích,06/11/2025 21:00:00,222.769867,
7D5B7DB0-D64A-4A36-BD4E-54A95CA62E9D,Sông Ba Hạ,425860,Dung tích,06/11/2025 22:00:00,223.162674,
7D5B7DB0-D64A-4A36-BD4E-54A95CA62E9D,Sông Ba Hạ,425860,Dung tích,06/11/2025 23:00:00,223.424408,
7D5B7DB0-D64A-4A36-BD4E-54A95CA62E9D,Sông Ba Hạ,425860,Dung tích,07/11/2025 00:00:00,223.555481,
7D5B7DB0-D64A-4A36-BD4E-54A95CA62E9D,Sông Ba Hạ,425860,Dung tích,07/11/2025 01:00:00,224.210022,
7D5B7DB0-D64A-4A36-BD4E-54A95CA62E9D,Sông Ba Hạ,425860,Dung tích,07/11/2025 02:00:00,224.995621,
7D5B7DB0-D64A-4A36-BD4E-54A95CA62E9D,Sông Ba Hạ,425860,Dung tích,07/11/2025 03:00:00,225.9123,
7D5B7DB0-D64A-4A36-BD4E-54A95CA62E9D,Sông Ba Hạ,425860,Dung tích,07/11/2025 04:00:00,227.090714,
7D5B7DB0-D64A-4A36-BD4E-54A95CA62E9D,Sông Ba Hạ,425860,Dung tích,07/11/2025 05:00:00,228.400192,
7D5B7DB0-D64A-4A36-BD4E-54A95CA62E9D,Sông Ba Hạ,425860,Dung tích,07/11/2025 06:00:00,229.709671,
7D5B7DB0-D64A-4A36-BD4E-54A95CA62E9D,Sông Ba Hạ,425860,Dung tích,07/11/2025 07:00:00,231.01915,
9CBE33CD-5CFB-4CB9-BAEB-59147A825DF0,Ayun Hạ,425860,Dung tích,31/10/2025 07:00:00,193.9629,
9CBE33CD-5CFB-4CB9-BAEB-59147A825DF0,Ayun Hạ,425860,Dung tích,31/10/2025 13:00:00,195.403458,
9CBE33CD-5CFB-4CB9-BAEB-59147A825DF0,Ayun Hạ,425860,Dung tích,31/10/2025 17:00:00,196.319733,
9CBE33CD-5CFB-4CB9-BAEB-59147A825DF0,Ayun Hạ,425860,Dung tích,01/11/2025 07:00:00,199.200424,
9CBE33CD-5CFB-4CB9-BAEB-59147A825DF0,Ayun Hạ,425860,Dung tích,01/11/2025 13:00:00,200.640976,
9CBE33CD-5CFB-4CB9-BAEB-59147A825DF0,Ayun Hạ,425860,Dung tích,01/11/2025 17:00:00,201.295517,
9CBE33CD-5CFB-4CB9-BAEB-59147A825DF0,Ayun Hạ,425860,Dung tích,02/11/2025 07:00:00,204.700073,
9CBE33CD-5CFB-4CB9-BAEB-59147A825DF0,Ayun Hạ,425860,Dung tích,02/11/2025 13:00:00,207.187973,
9CBE33CD-5CFB-4CB9-BAEB-59147A825DF0,Ayun Hạ,425860,Dung tích,02/11/2025 17:00:00,208.628128,
9CBE33CD-5CFB-4CB9-BAEB-59147A825DF0,Ayun Hạ,425860,Dung tích,03/11/2025 07:00:00,213.9967,
9CBE33CD-5CFB-4CB9-BAEB-59147A825DF0,Ayun Hạ,425860,Dung tích,03/11/2025 13:00:00,215.960724,
9CBE33CD-5CFB-4CB9-BAEB-59147A825DF0,Ayun Hạ,425860,Dung tích,03/11/2025 17:00:00,217.008484,
9CBE33CD-5CFB-4CB9-BAEB-59147A825DF0,Ayun Hạ,425860,Dung tích,04/11/2025 07:00:00,220.412643,
9CBE33CD-5CFB-4CB9-BAEB-59147A825DF0,Ayun Hạ,425860,Dung tích,04/11/2025 13:00:00,221.591461,
9CBE33CD-5CFB-4CB9-BAEB-59147A825DF0,Ayun Hạ,425860,Dung tích,04/11/2025 17:00:00,221.984253,
9CBE33CD-5CFB-4CB9-BAEB-59147A825DF0,Ayun Hạ,425860,Dung tích,05/11/2025 07:00:00,223.555481,
9CBE33CD-5CFB-4CB9-BAEB-59147A825DF0,Ayun Hạ,425860,Dung tích,05/11/2025 13:00:00,224.210022,
9CBE33CD-5CFB-4CB9-BAEB-59147A825DF0,Ayun Hạ,425860,Dung tích,05/11/2025 17:00:00,224.472153,
9CBE33CD-5CFB-4CB9-BAEB-59147A825DF0,Ayun Hạ,425860,Dung tích,06/11/2025 07:00:00,224.86496,
9CBE33CD-5CFB-4CB9-BAEB-59147A825DF0,Ayun Hạ,425860,Dung tích,06/11/2025 13:00:00,222.900543,
9CBE33CD-5CFB-4CB9-BAEB-59147A825DF0,Ayun Hạ,425860,Dung tích,06/11/2025 17:00:00,222.37706,
9CBE33CD-5CFB-4CB9-BAEB-59147A825DF0,Ayun Hạ,425860,Dung tích,06/11/2025 18:00:00,222.37706,
9CBE33CD-5CFB-4CB9-BAEB-59147A825DF0,Ayun Hạ,425860,Dung tích,06/11/2025 19:00:00,222.37706,
9CBE33CD-5CFB-4CB9-BAEB-59147A825DF0,Ayun Hạ,425860,Dung tích,06/11/2025 20:00:00,222.507736,
9CBE33CD-5CFB-4CB9-BAEB-59147A825DF0,Ayun Hạ,425860,Dung tích,06/11/2025 21:00:00,222.769867,
9CBE33CD-5CFB-4CB9-BAEB-59147A825DF0,Ayun Hạ,425860,Dung tích,06/11/2025 22:00:00,223.162674,
9CBE33CD-5CFB-4CB9-BAEB-59147A825DF0,Ayun Hạ,425860,Dung tích,06/11/2025 23:00:00,223.424408,
9CBE33CD-5CFB-4CB9-BAEB-59147A825DF0,Ayun Hạ,425860,Dung tích,07/11/2025 00:00:00,223.555481,
9CBE33CD-5CFB-4CB9-BAEB-59147A825DF0,Ayun Hạ,425860,Dung tích,07/11/2025 01:00:00,224.210022,
9CBE33CD-5CFB-4CB9-BAEB-59147A825DF0,Ayun Hạ,425860,Dung tích,07/11/2025 02:00:00,224.995621,
9CBE33CD-5CFB-4CB9-BAEB-59147A825DF0,Ayun Hạ,425860,Dung tích,07/11/2025 03:00:00,225.9123,
9CBE33CD-5CFB-4CB9-BAEB-59147A825DF0,Ayun Hạ,425860,Dung tích,07/11/2025 04:00:00,227.090714,
9CBE33CD-5CFB-4CB9-BAEB-59147A825DF0,Ayun Hạ,425860,Dung tích,07/11/2025 05:00:00,228.400192,
9CBE33CD-5CFB-4CB9-BAEB-59147A825DF0,Ayun Hạ,425860,Dung tích,07/11/2025 06:00:00,229.709671,
9CBE33CD-5CFB-4CB9-BAEB-59147A825DF0,Ayun Hạ,425860,Dung tích,07/11/2025 07:00:00,231.01915,
D0C28BB9-FE47-4BC2-B0DB-445038C1D1C5,Sông Hinh,425860,Dung tích,31/10/2025 07:00:00,193.9629,
D0C28BB9-FE47-4BC2-B0DB-445038C1D1C5,Sông Hinh,425860,Dung tích,31/10/2025 13:00:00,195.403458,
D0C28BB9-FE47-4BC2-B0DB-445038C1D1C5,Sông Hinh,425860,Dung tích,31/10/2025 17:00:00,196.319733,
D0C28BB9-FE47-4BC2-B0DB-445038C1D1C5,Sông Hinh,425860,Dung tích,01/11/2025 07:00:00,199.200424,
D0C28BB9-FE47-4BC2-B0DB-445038C1D1C5,Sông Hinh,425860,Dung tích,01/11/2025 13:00:00,200.640976,
D0C28BB9-FE47-4BC2-B0DB-445038C1D1C5,Sông Hinh,425860,Dung tích,01/11/2025 17:00:00,201.295517,
D0C28BB9-FE47-4BC2-B0DB-445038C1D1C5,Sông Hinh,425860,Dung tích,02/11/2025 07:00:00,204.700073,
D0C28BB9-FE47-4BC2-B0DB-445038C1D1C5,Sông Hinh,425860,Dung tích,02/11/2025 13:00:00,207.187973,
D0C28BB9-FE47-4BC2-B0DB-445038C1D1C5,Sông Hinh,425860,Dung tích,02/11/2025 17:00:00,208.628128,
D0C28BB9-FE47-4BC2-B0DB-445038C1D1C5,Sông Hinh,425860,Dung tích,03/11/2025 07:00:00,213.9967,
D0C28BB9-FE47-4BC2-B0DB-445038C1D1C5,Sông Hinh,425860,Dung tích,03/11/2025 13:00:00,215.960724,
D0C28BB9-FE47-4BC2-B0DB-445038C1D1C5,Sông Hinh,425860,Dung tích,03/11/2025 17:00:00,217.008484,
D0C28BB9-FE47-4BC2-B0DB-445038C1D1C5,Sông Hinh,425860,Dung tích,04/11/2025 07:00:00,220.412643,
D0C28BB9-FE47-4BC2-B0DB-445038C1D1C5,Sông Hinh,425860,Dung tích,04/11/2025 13:00:00,221.591461,
D0C28BB9-FE47-4BC2-B0DB-445038C1D1C5,Sông Hinh,425860,Dung tích,04/11/2025 17:00:00,221.984253,
D0C28BB9-FE47-4BC2-B0DB-445038C1D1C5,Sông Hinh,425860,Dung tích,05/11/2025 07:00:00,223.555481,
D0C28BB9-FE47-4BC2-B0DB-445038C1D1C5,Sông Hinh,425860,Dung tích,05/11/2025 13:00:00,224.210022,
D0C28BB9-FE47-4BC2-B0DB-445038C1D1C5,Sông Hinh,425860,Dung tích,05/11/2025 17:00:00,224.472153,
D0C28BB9-FE47-4BC2-B0DB-445038C1D1C5,Sông Hinh,425860,Dung tích,06/11/2025 07:00:00,224.86496,
D0C28BB9-FE47-4BC2-B0DB-445038C1D1C5,Sông Hinh,425860,Dung tích,06/11/2025 13:00:00,222.900543,
D0C28BB9-FE47-4BC2-B0DB-445038C1D1C5,Sông Hinh,425860,Dung tích,06/11/2025 17:00:00,222.37706,
D0C28BB9-FE47-4BC2-B0DB-445038C1D1C5,Sông Hinh,425860,Dung tích,06/11/2025 18:00:00,222.37706,
D0C28BB9-FE47-4BC2-B0DB-445038C1D1C5,Sông Hinh,425860,Dung tích,06/11/2025 19:00:00,222.37706,
D0C28BB9-FE47-4BC2-B0DB-445038C1D1C5,Sông Hinh,425860,Dung tích,06/11/2025 20:00:00,222.507736,
D0C28BB9-FE47-4BC2-B0DB-445038C1D1C5,Sông Hinh,425860,Dung tích,06/11/2025 21:00:00,222.769867,
D0C28BB9-FE47-4BC2-B0DB-445038C1D1C5,Sông Hinh,425860,Dung tích,06/11/2025 22:00:00,223.162674,
D0C28BB9-FE47-4BC2-B0DB-445038C1D1C5,Sông Hinh,425860,Dung tích,06/11/2025 23:00:00,223.424408,
D0C28BB9-FE47-4BC2-B0DB-445038C1D1C5,Sông Hinh,425860,Dung tích,07/11/2025 00:00:00,223.555481,
D0C28BB9-FE47-4BC2-B0DB-445038C1D1C5,Sông Hinh,425860,Dung tích,07/11/2025 01:00:00,224.210022,
D0C28BB9-FE47-4BC2-B0DB-445038C1D1C5,Sông Hinh,425860,Dung tích,07/11/2025 02:00:00,224.995621,
D0C28BB9-FE47-4BC2-B0DB-445038C1D1C5,Sông Hinh,425860,Dung tích,07/11/2025 03:00:00,225.9123,
D0C28BB9-FE47-4BC2-B0DB-445038C1D1C5,Sông Hinh,425860,Dung tích,07/11/2025 04:00:00,227.090714,
D0C28BB9-FE47-4BC2-B0DB-445038C1D1C5,Sông Hinh,425860,Dung tích,07/11/2025 05:00:00,228.400192,
D0C28BB9-FE47-4BC2-B0DB-445038C1D1C5,Sông Hinh,425860,Dung tích,07/11/2025 06:00:00,229.709671,
D0C28BB9-FE47-4BC2-B0DB-445038C1D1C5,Sông Hinh,425860,Dung tích,07/11/2025 07:00:00,231.01915,
9BFF6E76-94E2-4233-B659-258D74A1295F,Trà Xom 1,425860,Dung tích,31/10/2025 07:00:00,193.9629,
9BFF6E76-94E2-4233-B659-258D74A1295F,Trà Xom 1,425860,Dung tích,31/10/2025 13:00:00,195.403458,
9BFF6E76-94E2-4233-B659-258D74A1295F,Trà Xom 1,425860,Dung tích,31/10/2025 17:00:00,196.319733,
9BFF6E76-94E2-4233-B659-258D74A1295F,Trà Xom 1,425860,Dung tích,01/11/2025 07:00:00,199.200424,
9BFF6E76-94E2-4233-B659-258D74A1295F,Trà Xom 1,425860,Dung tích,01/11/2025 13:00:00,200.640976,
9BFF6E76-94E2-4233-B659-258D74A1295F,Trà Xom 1,425860,Dung tích,01/11/2025 17:00:00,201.295517,
9BFF6E76-94E2-4233-B659-258D74A1295F,Trà Xom 1,425860,Dung tích,02/11/2025 07:00:00,204.700073,
9BFF6E76-94E2-4233-B659-258D74A1295F,Trà Xom 1,425860,Dung tích,02/11/2025 13:00:00,207.187973,
9BFF6E76-94E2-4233-B659-258D74A1295F,Trà Xom 1,425860,Dung tích,02/11/2025 17:00:00,208.628128,
9BFF6E76-94E2-4233-B659-258D74A1295F,Trà Xom 1,425860,Dung tích,03/11/2025 07:00:00,213.9967,
9BFF6E76-94E2-4233-B659-258D74A1295F,Trà Xom 1,425860,Dung tích,03/11/2025 13:00:00,215.960724,
9BFF6E76-94E2-4233-B659-258D74A1295F,Trà Xom 1,425860,Dung tích,03/11/2025 17:00:00,217.008484,
9BFF6E76-94E2-4233-B659-258D74A1295F,Trà Xom 1,425860,Dung tích,04/11/2025 07:00:00,220.412643,
9BFF6E76-94E2-4233-B659-258D74A1295F,Trà Xom 1,425860,Dung tích,04/11/2025 13:00:00,221.591461,
9BFF6E76-94E2-4233-B659-258D74A1295F,Trà Xom 1,425860,Dung tích,04/11/2025 17:00:00,221.984253,
9BFF6E76-94E2-4233-B659-258D74A1295F,Trà Xom 1,425860,Dung tích,05/11/2025 07:00:00,223.555481,
9BFF6E76-94E2-4233-B659-258D74A1295F,Trà Xom 1,425860,Dung tích,05/11/2025 13:00:00,224.210022,
9BFF6E76-94E2-4233-B659-258D74A1295F,Trà Xom 1,425860,Dung tích,05/11/2025 17:00:00,224.472153,
9BFF6E76-94E2-4233-B659-258D74A1295F,Trà Xom 1,425860,Dung tích,06/11/2025 07:00:00,224.86496,
9BFF6E76-94E2-4233-B659-258D74A1295F,Trà Xom 1,425860,Dung tích,06/11/2025 13:00:00,222.900543,
9BFF6E76-94E2-4233-B659-258D74A1295F,Trà Xom 1,425860,Dung tích,06/11/2025 17:00:00,222.37706,
9BFF6E76-94E2-4233-B659-258D74A1295F,Trà Xom 1,425860,Dung tích,06/11/2025 18:00:00,222.37706,
9BFF6E76-94E2-4233-B659-258D74A1295F,Trà Xom 1,425860,Dung tích,06/11/2025 19:00:00,222.37706,
9BFF6E76-94E2-4233-B659-258D74A1295F,Trà Xom 1,425860,Dung tích,06/11/2025 20:00:00,222.507736,
9BFF6E76-94E2-4233-B659-258D74A1295F,Trà Xom 1,425860,Dung tích,06/11/2025 21:00:00,222.769867,
9BFF6E76-94E2-4233-B659-258D74A1295F,Trà Xom 1,425860,Dung tích,06/11/2025 22:00:00,223.162674,
9BFF6E76-94E2-4233-B659-258D74A1295F,Trà Xom 1,425860,Dung tích,06/11/2025 23:00:00,223.424408,
9BFF6E76-94E2-4233-B659-258D74A1295F,Trà Xom 1,425860,Dung tích,07/11/2025 00:00:00,223.555481,
9BFF6E76-94E2-4233-B659-258D74A1295F,Trà Xom 1,425860,Dung tích,07/11/2025 01:00:00,224.210022,
9BFF6E76-94E2-4233-B659-258D74A1295F,Trà Xom 1,425860,Dung tích,07/11/2025 02:00:00,224.995621,
9BFF6E76-94E2-4233-B659-258D74A1295F,Trà Xom 1,425860,Dung tích,07/11/2025 03:00:00,225.9123,
9BFF6E76-94E2-4233-B659-258D74A1295F,Trà Xom 1,425860,Dung tích,07/11/2025 04:00:00,227.090714,
9BFF6E76-94E2-4233-B659-258D74A1295F,Trà Xom 1,425860,Dung tích,07/11/2025 05:00:00,228.400192,
9BFF6E76-94E2-4233-B659-258D74A1295F,Trà Xom 1,425860,Dung tích,07/11/2025 06:00:00,229.709671,
9BFF6E76-94E2-4233-B659-258D74A1295F,Trà Xom 1,425860,Dung tích,07/11/2025 07:00:00,231.01915,
c9a8c4ca-f1bb-467f-82c4-0999294af8fc,Định Bình,425860,Dung tích,31/10/2025 07:00:00,193.9629,
c9a8c4ca-f1bb-467f-82c4-0999294af8fc,Định Bình,425860,Dung tích,31/10/2025 13:00:00,195.403458,
c9a8c4ca-f1bb-467f-82c4-0999294af8fc,Định Bình,425860,Dung tích,31/10/2025 17:00:00,196.319733,
c9a8c4ca-f1bb-467f-82c4-0999294af8fc,Định Bình,425860,Dung tích,01/11/2025 07:00:00,199.200424,
c9a8c4ca-f1bb-467f-82c4-0999294af8fc,Định Bình,425860,Dung tích,01/11/2025 13:00:00,200.640976,
c9a8c4ca-f1bb-467f-82c4-0999294af8fc,Định Bình,425860,Dung tích,01/11/2025 17:00:00,201.295517,
c9a8c4ca-f1bb-467f-82c4-0999294af8fc,Định Bình,425860,Dung tích,02/11/2025 07:00:00,204.700073,
c9a8c4ca-f1bb-467f-82c4-0999294af8fc,Định Bình,425860,Dung tích,02/11/2025 13:00:00,207.187973,
c9a8c4ca-f1bb-467f-82c4-0999294af8fc,Định Bình,425860,Dung tích,02/11/2025 17:00:00,208.628128,
c9a8c4ca-f1bb-467f-82c4-0999294af8fc,Định Bình,425860,Dung tích,03/11/2025 07:00:00,213.9967,
c9a8c4ca-f1bb-467f-82c4-0999294af8fc,Định Bình,425860,Dung tích,03/11/2025 13:00:00,215.960724,
c9a8c4ca-f1bb-467f-82c4-0999294af8fc,Định Bình,425860,Dung tích,03/11/2025 17:00:00,217.008484,
c9a8c4ca-f1bb-467f-82c4-0999294af8fc,Định Bình,425860,Dung tích,04/11/2025 07:00:00,220.412643,
c9a8c4ca-f1bb-467f-82c4-0999294af8fc,Định Bình,425860,Dung tích,04/11/2025 13:00:00,221.591461,
c9a8c4ca-f1bb-467f-82c4-0999294af8fc,Định Bình,425860,Dung tích,04/11/2025 17:00:00,221.984253,
c9a8c4ca-f1bb-467f-82c4-0999294af8fc,Định Bình,425860,Dung tích,05/11/2025 07:00:00,223.555481,
c9a8c4ca-f1bb-467f-82c4-0999294af8fc,Định Bình,425860,Dung tích,05/11/2025 13:00:00,224.210022,
c9a8c4ca-f1bb-467f-82c4-0999294af8fc,Định Bình,425860,Dung tích,05/11/2025 17:00:00,224.472153,
c9a8c4ca-f1bb-467f-82c4-0999294af8fc,Định Bình,425860,Dung tích,06/11/2025 07:00:00,224.86496,
c9a8c4ca-f1bb-467f-82c4-0999294af8fc,Định Bình,425860,Dung tích,06/11/2025 13:00:00,222.900543,
c9a8c4ca-f1bb-467f-82c4-0999294af8fc,Định Bình,425860,Dung tích,06/11/2025 17:00:00,222.37706,
c9a8c4ca-f1bb-467f-82c4-0999294af8fc,Định Bình,425860,Dung tích,06/11/2025 18:00:00,222.37706,
c9a8c4ca-f1bb-467f-82c4-0999294af8fc,Định Bình,425860,Dung tích,06/11/2025 19:00:00,222.37706,
c9a8c4ca-f1bb-467f-82c4-0999294af8fc,Định Bình,425860,Dung tích,06/11/2025 20:00:00,222.507736,
c9a8c4ca-f1bb-467f-82c4-0999294af8fc,Định Bình,425860,Dung tích,06/11/2025 21:00:00,222.769867,
c9a8c4ca-f1bb-467f-82c4-0999294af8fc,Định Bình,425860,Dung tích,06/11/2025 22:00:00,223.162674,
c9a8c4ca-f1bb-467f-82c4-0999294af8fc,Định Bình,425860,Dung tích,06/11/2025 23:00:00,223.424408,
c9a8c4ca-f1bb-467f-82c4-0999294af8fc,Định Bình,425860,Dung tích,07/11/2025 00:00:00,223.555481,
c9a8c4ca-f1bb-467f-82c4-0999294af8fc,Định Bình,425860,Dung tích,07/11/2025 01:00:00,224.210022,
c9a8c4ca-f1bb-467f-82c4-0999294af8fc,Định Bình,425860,Dung tích,07/11/2025 02:00:00,224.995621,
c9a8c4ca-f1bb-467f-82c4-0999294af8fc,Định Bình,425860,Dung tích,07/11/2025 03:00:00,225.9123,
c9a8c4ca-f1bb-467f-82c4-0999294af8fc,Định Bình,425860,Dung tích,07/11/2025 04:00:00,227.090714,
c9a8c4ca-f1bb-467f-82c4-0999294af8fc,Định Bình,425860,Dung tích,07/11/2025 05:00:00,228.400192,
c9a8c4ca-f1bb-467f-82c4-0999294af8fc,Định Bình,425860,Dung tích,07/11/2025 06:00:00,229.709671,
c9a8c4ca-f1bb-467f-82c4-0999294af8fc,Định Bình,425860,Dung tích,07/11/2025 07:00:00,231.01915,
0CE5BB74-C0BB-4C3F-8F2F-2F99485098AD,Krông Búk hạ,425860,Dung tích,31/10/2025 07:00:00,193.9629,
0CE5BB74-C0BB-4C3F-8F2F-2F99485098AD,Krông Búk hạ,425860,Dung tích,31/10/2025 13:00:00,195.403458,
0CE5BB74-C0BB-4C3F-8F2F-2F99485098AD,Krông Búk hạ,425860,Dung tích,31/10/2025 17:00:00,196.319733,
0CE5BB74-C0BB-4C3F-8F2F-2F99485098AD,Krông Búk hạ,425860,Dung tích,01/11/2025 07:00:00,199.200424,
0CE5BB74-C0BB-4C3F-8F2F-2F99485098AD,Krông Búk hạ,425860,Dung tích,01/11/2025 13:00:00,200.640976,
0CE5BB74-C0BB-4C3F-8F2F-2F99485098AD,Krông Búk hạ,425860,Dung tích,01/11/2025 17:00:00,201.295517,
0CE5BB74-C0BB-4C3F-8F2F-2F99485098AD,Krông Búk hạ,425860,Dung tích,02/11/2025 07:00:00,204.700073,
0CE5BB74-C0BB-4C3F-8F2F-2F99485098AD,Krông Búk hạ,425860,Dung tích,02/11/2025 13:00:00,207.187973,
0CE5BB74-C0BB-4C3F-8F2F-2F99485098AD,Krông Búk hạ,425860,Dung tích,02/11/2025 17:00:00,208.628128,
0CE5BB74-C0BB-4C3F-8F2F-2F99485098AD,Krông Búk hạ,425860,Dung tích,03/11/2025 07:00:00,213.9967,
0CE5BB74-C0BB-4C3F-8F2F-2F99485098AD,Krông Búk hạ,425860,Dung tích,03/11/2025 13:00:00,215.960724,
0CE5BB74-C0BB-4C3F-8F2F-2F99485098AD,Krông Búk hạ,425860,Dung tích,03/11/2025 17:00:00,217.008484,
0CE5BB74-C0BB-4C3F-8F2F-2F99485098AD,Krông Búk hạ,425860,Dung tích,04/11/2025 07:00:00,220.412643,
0CE5BB74-C0BB-4C3F-8F2F-2F99485098AD,Krông Búk hạ,425860,Dung tích,04/11/2025 13:00:00,221.591461,
0CE5BB74-C0BB-4C3F-8F2F-2F99485098AD,Krông Búk hạ,425860,Dung tích,04/11/2025 17:00:00,221.984253,
0CE5BB74-C0BB-4C3F-8F2F-2F99485098AD,Krông Búk hạ,425860,Dung tích,05/11/2025 07:00:00,223.555481,
0CE5BB74-C0BB-4C3F-8F2F-2F99485098AD,Krông Búk hạ,425860,Dung tích,05/11/2025 13:00:00,224.210022,
0CE5BB74-C0BB-4C3F-8F2F-2F99485098AD,Krông Búk hạ,425860,Dung tích,05/11/2025 17:00:00,224.472153,
0CE5BB74-C0BB-4C3F-8F2F-2F99485098AD,Krông Búk hạ,425860,Dung tích,06/11/2025 07:00:00,224.86496,
0CE5BB74-C0BB-4C3F-8F2F-2F99485098AD,Krông Búk hạ,425860,Dung tích,06/11/2025 13:00:00,222.900543,
0CE5BB74-C0BB-4C3F-8F2F-2F99485098AD,Krông Búk hạ,425860,Dung tích,06/11/2025 17:00:00,222.37706,
0CE5BB74-C0BB-4C3F-8F2F-2F99485098AD,Krông Búk hạ,425860,Dung tích,06/11/2025 18:00:00,222.37706,
0CE5BB74-C0BB-4C3F-8F2F-2F99485098AD,Krông Búk hạ,425860,Dung tích,06/11/2025 19:00:00,222.37706,
0CE5BB74-C0BB-4C3F-8F2F-2F99485098AD,Krông Búk hạ,425860,Dung tích,06/11/2025 20:00:00,222.507736,
0CE5BB74-C0BB-4C3F-8F2F-2F99485098AD,Krông Búk hạ,425860,Dung tích,06/11/2025 21:00:00,222.769867,
0CE5BB74-C0BB-4C3F-8F2F-2F99485098AD,Krông Búk hạ,425860,Dung tích,06/11/2025 22:00:00,223.162674,
0CE5BB74-C0BB-4C3F-8F2F-2F99485098AD,Krông Búk hạ,425860,Dung tích,06/11/2025 23:00:00,223.424408,
0CE5BB74-C0BB-4C3F-8F2F-2F99485098AD,Krông Búk hạ,425860,Dung tích,07/11/2025 00:00:00,223.555481,
0CE5BB74-C0BB-4C3F-8F2F-2F99485098AD,Krông Búk hạ,425860,Dung tích,07/11/2025 01:00:00,224.210022,
0CE5BB74-C0BB-4C3F-8F2F-2F99485098AD,Krông Búk hạ,425860,Dung tích,07/11/2025 02:00:00,224.995621,
0CE5BB74-C0BB-4C3F-8F2F-2F99485098AD,Krông Búk hạ,425860,Dung tích,07/11/2025 03:00:00,225.9123,
0CE5BB74-C0BB-4C3F-8F2F-2F99485098AD,Krông Búk hạ,425860,Dung tích,07/11/2025 04:00:00,227.090714,
0CE5BB74-C0BB-4C3F-8F2F-2F99485098AD,Krông Búk hạ,425860,Dung tích,07/11/2025 05:00:00,228.400192,
0CE5BB74-C0BB-4C3F-8F2F-2F99485098AD,Krông Búk hạ,425860,Dung tích,07/11/2025 06:00:00,229.709671,
0CE5BB74-C0BB-4C3F-8F2F-2F99485098AD,Krông Búk hạ,425860,Dung tích,07/11/2025 07:00:00,231.01915,
8DDDF139-D18F-484B-8BE8-832EF79861F6,Buôn Tua Srah,425860,Dung tích,31/10/2025 07:00:00,193.9629,
8DDDF139-D18F-484B-8BE8-832EF79861F6,Buôn Tua Srah,425860,Dung tích,31/10/2025 13:00:00,195.403458,
8DDDF139-D18F-484B-8BE8-832EF79861F6,Buôn Tua Srah,425860,Dung tích,31/10/2025 17:00:00,196.319733,
8DDDF139-D18F-484B-8BE8-832EF79861F6,Buôn Tua Srah,425860,Dung tích,01/11/2025 07:00:00,199.200424,
8DDDF139-D18F-484B-8BE8-832EF79861F6,Buôn Tua Srah,425860,Dung tích,01/11/2025 13:00:00,200.640976,
8DDDF139-D18F-484B-8BE8-832EF79861F6,Buôn Tua Srah,425860,Dung tích,01/11/2025 17:00:00,201.295517,
8DDDF139-D18F-484B-8BE8-832EF79861F6,Buôn Tua Srah,425860,Dung tích,02/11/2025 07:00:00,204.700073,
8DDDF139-D18F-484B-8BE8-832EF79861F6,Buôn Tua Srah,425860,Dung tích,02/11/2025 13:00:00,207.187973,
8DDDF139-D18F-484B-8BE8-832EF79861F6,Buôn Tua Srah,425860,Dung tích,02/11/2025 17:00:00,208.628128,
8DDDF139-D18F-484B-8BE8-832EF79861F6,Buôn Tua Srah,425860,Dung tích,03/11/2025 07:00:00,213.9967,
8DDDF139-D18F-484B-8BE8-832EF79861F6,Buôn Tua Srah,425860,Dung tích,03/11/2025 13:00:00,215.960724,
8DDDF139-D18F-484B-8BE8-832EF79861F6,Buôn Tua Srah,425860,Dung tích,03/11/2025 17:00:00,217.008484,
8DDDF139-D18F-484B-8BE8-832EF79861F6,Buôn Tua Srah,425860,Dung tích,04/11/2025 07:00:00,220.412643,
8DDDF139-D18F-484B-8BE8-832EF79861F6,Buôn Tua Srah,425860,Dung tích,04/11/2025 13:00:00,221.591461,
8DDDF139-D18F-484B-8BE8-832EF79861F6,Buôn Tua Srah,425860,Dung tích,04/11/2025 17:00:00,221.984253,
8DDDF139-D18F-484B-8BE8-832EF79861F6,Buôn Tua Srah,425860,Dung tích,05/11/2025 07:00:00,223.555481,
8DDDF139-D18F-484B-8BE8-832EF79861F6,Buôn Tua Srah,425860,Dung tích,05/11/2025 13:00:00,224.210022,
8DDDF139-D18F-484B-8BE8-832EF79861F6,Buôn Tua Srah,425860,Dung tích,05/11/2025 17:00:00,224.472153,
8DDDF139-D18F-484B-8BE8-832EF79861F6,Buôn Tua Srah,425860,Dung tích,06/11/2025 07:00:00,224.86496,
8DDDF139-D18F-484B-8BE8-832EF79861F6,Buôn Tua Srah,425860,Dung tích,06/11/2025 13:00:00,222.900543,
8DDDF139-D18F-484B-8BE8-832EF79861F6,Buôn Tua Srah,425860,Dung tích,06/11/2025 17:00:00,222.37706,
8DDDF139-D18F-484B-8BE8-832EF79861F6,Buôn Tua Srah,425860,Dung tích,06/11/2025 18:00:00,222.37706,
8DDDF139-D18F-484B-8BE8-832EF79861F6,Buôn Tua Srah,425860,Dung tích,06/11/2025 19:00:00,222.37706,
8DDDF139-D18F-484B-8BE8-832EF79861F6,Buôn Tua Srah,425860,Dung tích,06/11/2025 20:00:00,222.507736,
8DDDF139-D18F-484B-8BE8-832EF79861F6,Buôn Tua Srah,425860,Dung tích,06/11/2025 21:00:00,222.769867,
8DDDF139-D18F-484B-8BE8-832EF79861F6,Buôn Tua Srah,425860,Dung tích,06/11/2025 22:00:00,223.162674,
8DDDF139-D18F-484B-8BE8-832EF79861F6,Buôn Tua Srah,425860,Dung tích,06/11/2025 23:00:00,223.424408,
8DDDF139-D18F-484B-8BE8-832EF79861F6,Buôn Tua Srah,425860,Dung tích,07/11/2025 00:00:00,223.555481,
8DDDF139-D18F-484B-8BE8-832EF79861F6,Buôn Tua Srah,425860,Dung tích,07/11/2025 01:00:00,224.210022,
8DDDF139-D18F-484B-8BE8-832EF79861F6,Buôn Tua Srah,425860,Dung tích,07/11/2025 02:00:00,224.995621,
8DDDF139-D18F-484B-8BE8-832EF79861F6,Buôn Tua Srah,425860,Dung tích,07/11/2025 03:00:00,225.9123,
8DDDF139-D18F-484B-8BE8-832EF79861F6,Buôn Tua Srah,425860,Dung tích,07/11/2025 04:00:00,227.090714,
8DDDF139-D18F-484B-8BE8-832EF79861F6,Buôn Tua Srah,425860,Dung tích,07/11/2025 05:00:00,228.400192,
8DDDF139-D18F-484B-8BE8-832EF79861F6,Buôn Tua Srah,425860,Dung tích,07/11/2025 06:00:00,229.709671,
8DDDF139-D18F-484B-8BE8-832EF79861F6,Buôn Tua Srah,425860,Dung tích,07/11/2025 07:00:00,231.01915,
929f34bb-4d88-4364-8882-4099e75bcfd5,Nước Trong,425860,Dung tích,31/10/2025 07:00:00,193.9629,
929f34bb-4d88-4364-8882-4099e75bcfd5,Nước Trong,425860,Dung tích,31/10/2025 13:00:00,195.403458,
929f34bb-4d88-4364-8882-4099e75bcfd5,Nước Trong,425860,Dung tích,31/10/2025 17:00:00,196.319733,
929f34bb-4d88-4364-8882-4099e75bcfd5,Nước Trong,425860,Dung tích,01/11/2025 07:00:00,199.200424,
929f34bb-4d88-4364-8882-4099e75bcfd5,Nước Trong,425860,Dung tích,01/11/2025 13:00:00,200.640976,
929f34bb-4d88-4364-8882-4099e75bcfd5,Nước Trong,425860,Dung tích,01/11/2025 17:00:00,201.295517,
929f34bb-4d88-4364-8882-4099e75bcfd5,Nước Trong,425860,Dung tích,02/11/2025 07:00:00,204.700073,
929f34bb-4d88-4364-8882-4099e75bcfd5,Nước Trong,425860,Dung tích,02/11/2025 13:00:00,207.187973,
929f34bb-4d88-4364-8882-4099e75bcfd5,Nước Trong,425860,Dung tích,02/11/2025 17:00:00,208.628128,
929f34bb-4d88-4364-8882-4099e75bcfd5,Nước Trong,425860,Dung tích,03/11/2025 07:00:00,213.9967,
929f34bb-4d88-4364-8882-4099e75bcfd5,Nước Trong,425860,Dung tích,03/11/2025 13:00:00,215.960724,
929f34bb-4d88-4364-8882-4099e75bcfd5,Nước Trong,425860,Dung tích,03/11/2025 17:00:00,217.008484,
929f34bb-4d88-4364-8882-4099e75bcfd5,Nước Trong,425860,Dung tích,04/11/2025 07:00:00,220.412643,
929f34bb-4d88-4364-8882-4099e75bcfd5,Nước Trong,425860,Dung tích,04/11/2025 13:00:00,221.591461,
929f34bb-4d88-4364-8882-4099e75bcfd5,Nước Trong,425860,Dung tích,04/11/2025 17:00:00,221.984253,
929f34bb-4d88-4364-8882-4099e75bcfd5,Nước Trong,425860,Dung tích,05/11/2025 07:00:00,223.555481,
929f34bb-4d88-4364-8882-4099e75bcfd5,Nước Trong,425860,Dung tích,05/11/2025 13:00:00,224.210022,
929f34bb-4d88-4364-8882-4099e75bcfd5,Nước Trong,425860,Dung tích,05/11/2025 17:00:00,224.472153,
929f34bb-4d88-4364-8882-4099e75bcfd5,Nước Trong,425860,Dung tích,06/11/2025 07:00:00,224.86496,
929f34bb-4d88-4364-8882-4099e75bcfd5,Nước Trong,425860,Dung tích,06/11/2025 13:00:00,222.900543,
929f34bb-4d88-4364-8882-4099e75bcfd5,Nước Trong,425860,Dung tích,06/11/2025 17:00:00,222.37706,
929f34bb-4d88-4364-8882-4099e75bcfd5,Nước Trong,425860,Dung tích,06/11/2025 18:00:00,222.37706,
929f34bb-4d88-4364-8882-4099e75bcfd5,Nước Trong,425860,Dung tích,06/11/2025 19:00:00,222.37706,
929f34bb-4d88-4364-8882-4099e75bcfd5,Nước Trong,425860,Dung tích,06/11/2025 20:00:00,222.507736,
929f34bb-4d88-4364-8882-4099e75bcfd5,Nước Trong,425860,Dung tích,06/11/2025 21:00:00,222.769867,
929f34bb-4d88-4364-8882-4099e75bcfd5,Nước Trong,425860,Dung tích,06/11/2025 22:00:00,223.162674,
929f34bb-4d88-4364-8882-4099e75bcfd5,Nước Trong,425860,Dung tích,06/11/2025 23:00:00,223.424408,
929f34bb-4d88-4364-8882-4099e75bcfd5,Nước Trong,425860,Dung tích,07/11/2025 00:00:00,223.555481,
929f34bb-4d88-4364-8882-4099e75bcfd5,Nước Trong,425860,Dung tích,07/11/2025 01:00:00,224.210022,
929f34bb-4d88-4364-8882-4099e75bcfd5,Nước Trong,425860,Dung tích,07/11/2025 02:00:00,224.995621,
929f34bb-4d88-4364-8882-4099e75bcfd5,Nước Trong,425860,Dung tích,07/11/2025 03:00:00,225.9123,
929f34bb-4d88-4364-8882-4099e75bcfd5,Nước Trong,425860,Dung tích,07/11/2025 04:00:00,227.090714,
929f34bb-4d88-4364-8882-4099e75bcfd5,Nước Trong,425860,Dung tích,07/11/2025 05:00:00,228.400192,
929f34bb-4d88-4364-8882-4099e75bcfd5,Nước Trong,425860,Dung tích,07/11/2025 06:00:00,229.709671,
929f34bb-4d88-4364-8882-4099e75bcfd5,Nước Trong,425860,Dung tích,07/11/2025 07:00:00,231.01915,
062A7CF0-46F3-4E99-8BCD-040CEF304344,Thuận Ninh,425860,Dung tích,31/10/2025 07:00:00,193.9629,
062A7CF0-46F3-4E99-8BCD-040CEF304344,Thuận Ninh,425860,Dung tích,31/10/2025 13:00:00,195.403458,
062A7CF0-46F3-4E99-8BCD-040CEF304344,Thuận Ninh,425860,Dung tích,31/10/2025 17:00:00,196.319733,
062A7CF0-46F3-4E99-8BCD-040CEF304344,Thuận Ninh,425860,Dung tích,01/11/2025 07:00:00,199.200424,
062A7CF0-46F3-4E99-8BCD-040CEF304344,Thuận Ninh,425860,Dung tích,01/11/2025 13:00:00,200.640976,
062A7CF0-46F3-4E99-8BCD-040CEF304344,Thuận Ninh,425860,Dung tích,01/11/2025 17:00:00,201.295517,
062A7CF0-46F3-4E99-8BCD-040CEF304344,Thuận Ninh,425860,Dung tích,02/11/2025 07:00:00,204.700073,
062A7CF0-46F3-4E99-8BCD-040CEF304344,Thuận Ninh,425860,Dung tích,02/11/2025 13:00:00,207.187973,
062A7CF0-46F3-4E99-8BCD-040CEF304344,Thuận Ninh,425860,Dung tích,02/11/2025 17:00:00,208.628128,
062A7CF0-46F3-4E99-8BCD-040CEF304344,Thuận Ninh,425860,Dung tích,03/11/2025 07:00:00,213.9967,
062A7CF0-46F3-4E99-8BCD-040CEF304344,Thuận Ninh,425860,Dung tích,03/11/2025 13:00:00,215.960724,
062A7CF0-46F3-4E99-8BCD-040CEF304344,Thuận Ninh,425860,Dung tích,03/11/2025 17:00:00,217.008484,
062A7CF0-46F3-4E99-8BCD-040CEF304344,Thuận Ninh,425860,Dung tích,04/11/2025 07:00:00,220.412643,
062A7CF0-46F3-4E99-8BCD-040CEF304344,Thuận Ninh,425860,Dung tích,04/11/2025 13:00:00,221.591461,
062A7CF0-46F3-4E99-8BCD-040CEF304344,Thuận Ninh,425860,Dung tích,04/11/2025 17:00:00,221.984253,
062A7CF0-46F3-4E99-8BCD-040CEF304344,Thuận Ninh,425860,Dung tích,05/11/2025 07:00:00,223.555481,
062A7CF0-46F3-4E99-8BCD-040CEF304344,Thuận Ninh,425860,Dung tích,05/11/2025 13:00:00,224.210022,
062A7CF0-46F3-4E99-8BCD-040CEF304344,Thuận Ninh,425860,Dung tích,05/11/2025 17:00:00,224.472153,
062A7CF0-46F3-4E99-8BCD-040CEF304344,Thuận Ninh,425860,Dung tích,06/11/2025 07:00:00,224.86496,
062A7CF0-46F3-4E99-8BCD-040CEF304344,Thuận Ninh,425860,Dung tích,06/11/2025 13:00:00,222.900543,
062A7CF0-46F3-4E99-8BCD-040CEF304344,Thuận Ninh,425860,Dung tích,06/11/2025 17:00:00,222.37706,
062A7CF0-46F3-4E99-8BCD-040CEF304344,Thuận Ninh,425860,Dung tích,06/11/2025 18:00:00,222.37706,
062A7CF0-46F3-4E99-8BCD-040CEF304344,Thuận Ninh,425860,Dung tích,06/11/2025 19:00:00,222.37706,
062A7CF0-46F3-4E99-8BCD-040CEF304344,Thuận Ninh,425860,Dung tích,06/11/2025 20:00:00,222.507736,
062A7CF0-46F3-4E99-8BCD-040CEF304344,Thuận Ninh,425860,Dung tích,06/11/2025 21:00:00,222.769867,
062A7CF0-46F3-4E99-8BCD-040CEF304344,Thuận Ninh,425860,Dung tích,06/11/2025 22:00:00,223.162674,
062A7CF0-46F3-4E99-8BCD-040CEF304344,Thuận Ninh,425860,Dung tích,06/11/2025 23:00:00,223.424408,
062A7CF0-46F3-4E99-8BCD-040CEF304344,Thuận Ninh,425860,Dung tích,07/11/2025 00:00:00,223.555481,
062A7CF0-46F3-4E99-8BCD-040CEF304344,Thuận Ninh,425860,Dung tích,07/11/2025 01:00:00,224.210022,
062A7CF0-46F3-4E99-8BCD-040CEF304344,Thuận Ninh,425860,Dung tích,07/11/2025 02:00:00,224.995621,
062A7CF0-46F3-4E99-8BCD-040CEF304344,Thuận Ninh,425860,Dung tích,07/11/2025 03:00:00,225.9123,
062A7CF0-46F3-4E99-8BCD-040CEF304344,Thuận Ninh,425860,Dung tích,07/11/2025 04:00:00,227.090714,
062A7CF0-46F3-4E99-8BCD-040CEF304344,Thuận Ninh,425860,Dung tích,07/11/2025 05:00:00,228.400192,
062A7CF0-46F3-4E99-8BCD-040CEF304344,Thuận Ninh,425860,Dung tích,07/11/2025 06:00:00,229.709671,
062A7CF0-46F3-4E99-8BCD-040CEF304344,Thuận Ninh,425860,Dung tích,07/11/2025 07:00:00,231.01915,
4AB3F3C8-D7F4-44AA-897C-E93BDCFA1DCC,Ka Nak,425850,Mực nước,31/10/2025 07:00:00,506.84,
4AB3F3C8-D7F4-44AA-897C-E93BDCFA1DCC,Ka Nak,425850,Mực nước,31/10/2025 13:00:00,506.95,
4AB3F3C8-D7F4-44AA-897C-E93BDCFA1DCC,Ka Nak,425850,Mực nước,31/10/2025 17:00:00,507.02,
4AB3F3C8-D7F4-44AA-897C-E93BDCFA1DCC,Ka Nak,425850,Mực nước,01/11/2025 07:00:00,507.24,
4AB3F3C8-D7F4-44AA-897C-E93BDCFA1DCC,Ka Nak,425850,Mực nước,01/11/2025 13:00:00,507.35,
4AB3F3C8-D7F4-44AA-897C-E93BDCFA1DCC,Ka Nak,425850,Mực nước,01/11/2025 17:00:00,507.4,
4AB3F3C8-D7F4-44AA-897C-E93BDCFA1DCC,Ka Nak,425850,Mực nước,02/11/2025 07:00:00,507.66,
4AB3F3C8-D7F4-44AA-897C-E93BDCFA1DCC,Ka Nak,425850,Mực nước,02/11/2025 13:00:00,507.85,
4AB3F3C8-D7F4-44AA-897C-E93BDCFA1DCC,Ka Nak,425850,Mực nước,02/11/2025 17:00:00,507.96,
4AB3F3C8-D7F4-44AA-897C-E93BDCFA1DCC,Ka Nak,425850,Mực nước,03/11/2025 07:00:00,508.37,
4AB3F3C8-D7F4-44AA-897C-E93BDCFA1DCC,Ka Nak,425850,Mực nước,03/11/2025 13:00:00,508.52,
4AB3F3C8-D7F4-44AA-897C-E93BDCFA1DCC,Ka Nak,425850,Mực nước,03/11/2025 17:00:00,508.6,
4AB3F3C8-D7F4-44AA-897C-E93BDCFA1DCC,Ka Nak,425850,Mực nước,04/11/2025 07:00:00,508.86,
4AB3F3C8-D7F4-44AA-897C-E93BDCFA1DCC,Ka Nak,425850,Mực nước,04/11/2025 13:00:00,508.95,
4AB3F3C8-D7F4-44AA-897C-E93BDCFA1DCC,Ka Nak,425850,Mực nước,04/11/2025 17:00:00,508.98,
4AB3F3C8-D7F4-44AA-897C-E93BDCFA1DCC,Ka Nak,425850,Mực nước,05/11/2025 07:00:00,509.1,
4AB3F3C8-D7F4-44AA-897C-E93BDCFA1DCC,Ka Nak,425850,Mực nước,05/11/2025 13:00:00,509.15,
4AB3F3C8-D7F4-44AA-897C-E93BDCFA1DCC,Ka Nak,425850,Mực nước,05/11/2025 17:00:00,509.17,
4AB3F3C8-D7F4-44AA-897C-E93BDCFA1DCC,Ka Nak,425850,Mực nước,06/11/2025 07:00:00,509.2,
4AB3F3C8-D7F4-44AA-897C-E93BDCFA1DCC,Ka Nak,425850,Mực nước,06/11/2025 13:00:00,509.05,
4AB3F3C8-D7F4-44AA-897C-E93BDCFA1DCC,Ka Nak,425850,Mực nước,06/11/2025 17:00:00,509.01,
4AB3F3C8-D7F4-44AA-897C-E93BDCFA1DCC,Ka Nak,425850,Mực nước,06/11/2025 18:00:00,509.01,
4AB3F3C8-D7F4-44AA-897C-E93BDCFA1DCC,Ka Nak,425850,Mực nước,06/11/2025 19:00:00,509.01,
4AB3F3C8-D7F4-44AA-897C-E93BDCFA1DCC,Ka Nak,425850,Mực nước,06/11/2025 20:00:00,509.02,
4AB3F3C8-D7F4-44AA-897C-E93BDCFA1DCC,Ka Nak,425850,Mực nước,06/11/2025 21:00:00,509.04,
4AB3F3C8-D7F4-44AA-897C-E93BDCFA1DCC,Ka Nak,425850,Mực nước,06/11/2025 22:00:00,509.07,
4AB3F3C8-D7F4-44AA-897C-E93BDCFA1DCC,Ka Nak,425850,Mực nước,06/11/2025 23:00:00,509.09,
4AB3F3C8-D7F4-44AA-897C-E93BDCFA1DCC,Ka Nak,425850,Mực nước,07/11/2025 00:00:00,509.1,
4AB3F3C8-D7F4-44AA-897C-E93BDCFA1DCC,Ka Nak,425850,Mực nước,07/11/2025 01:00:00,509.15,
4AB3F3C8-D7F4-44AA-897C-E93BDCFA1DCC,Ka Nak,425850,Mực nước,07/11/2025 02:00:00,509.21,
4AB3F3C8-D7F4-44AA-897C-E93BDCFA1DCC,Ka Nak,425850,Mực nước,07/11/2025 03:00:00,509.28,
4AB3F3C8-D7F4-44AA-897C-E93BDCFA1DCC,Ka Nak,425850,Mực nước,07/11/2025 04:00:00,509.37,
4AB3F3C8-D7F4-44AA-897C-E93BDCFA1DCC,Ka Nak,425850,Mực nước,07/11/2025 05:00:00,509.47,
4AB3F3C8-D7F4-44AA-897C-E93BDCFA1DCC,Ka Nak,425850,Mực nước,07/11/2025 06:00:00,509.57,
4AB3F3C8-D7F4-44AA-897C-E93BDCFA1DCC,Ka Nak,425850,Mực nước,07/11/2025 07:00:00,509.67,
73bb8be6-bbd6-4042-8360-30abdced336a,Ia M’lá,425850,Mực nước,31/10/2025 07:00:00,506.84,
73bb8be6-bbd6-4042-8360-30abdced336a,Ia M’lá,425850,Mực nước,31/10/2025 13:00:00,506.95,
73bb8be6-bbd6-4042-8360-30abdced336a,Ia M’lá,425850,Mực nước,31/10/2025 17:00:00,507.02,
73bb8be6-bbd6-4042-8360-30abdced336a,Ia M’lá,425850,Mực nước,01/11/2025 07:00:00,507.24,
73bb8be6-bbd6-4042-8360-30abdced336a,Ia M’lá,425850,Mực nước,01/11/2025 13:00:00,507.35,
73bb8be6-bbd6-4042-8360-30abdced336a,Ia M’lá,425850,Mực nước,01/11/2025 17:00:00,507.4,
73bb8be6-bbd6-4042-8360-30abdced336a,Ia M’lá,425850,Mực nước,02/11/2025 07:00:00,507.66,
73bb8be6-bbd6-4042-8360-30abdced336a,Ia M’lá,425850,Mực nước,02/11/2025 13:00:00,507.85,
73bb8be6-bbd6-4042-8360-30abdced336a,Ia M’lá,425850,Mực nước,02/11/2025 17:00:00,507.96,
73bb8be6-bbd6-4042-8360-30abdced336a,Ia M’lá,425850,Mực nước,03/11/2025 07:00:00,508.37,
73bb8be6-bbd6-4042-8360-30abdced336a,Ia M’lá,425850,Mực nước,03/11/2025 13:00:00,508.52,
73bb8be6-bbd6-4042-8360-30abdced336a,Ia M’lá,425850,Mực nước,03/11/2025 17:00:00,508.6,
73bb8be6-bbd6-4042-8360-30abdced336a,Ia M’lá,425850,Mực nước,04/11/2025 07:00:00,508.86,
73bb8be6-bbd6-4042-8360-30abdced336a,Ia M’lá,425850,Mực nước,04/11/2025 13:00:00,508.95,
73bb8be6-bbd6-4042-8360-30abdced336a,Ia M’lá,425850,Mực nước,04/11/2025 17:00:00,508.98,
73bb8be6-bbd6-4042-8360-30abdced336a,Ia M’lá,425850,Mực nước,05/11/2025 07:00:00,509.1,
73bb8be6-bbd6-4042-8360-30abdced336a,Ia M’lá,425850,Mực nước,05/11/2025 13:00:00,509.15,
73bb8be6-bbd6-4042-8360-30abdced336a,Ia M’lá,425850,Mực nước,05/11/2025 17:00:00,509.17,
73bb8be6-bbd6-4042-8360-30abdced336a,Ia M’lá,425850,Mực nước,06/11/2025 07:00:00,509.2,
73bb8be6-bbd6-4042-8360-30abdced336a,Ia M’lá,425850,Mực nước,06/11/2025 13:00:00,509.05,
73bb8be6-bbd6-4042-8360-30abdced336a,Ia M’lá,425850,Mực nước,06/11/2025 17:00:00,509.01,
73bb8be6-bbd6-4042-8360-30abdced336a,Ia M’lá,425850,Mực nước,06/11/2025 18:00:00,509.01,
73bb8be6-bbd6-4042-8360-30abdced336a,Ia M’lá,425850,Mực nước,06/11/2025 19:00:00,509.01,
73bb8be6-bbd6-4042-8360-30abdced336a,Ia M’lá,425850,Mực nước,06/11/2025 20:00:00,509.02,
73bb8be6-bbd6-4042-8360-30abdced336a,Ia M’lá,425850,Mực nước,06/11/2025 21:00:00,509.04,
73bb8be6-bbd6-4042-8360-30abdced336a,Ia M’lá,425850,Mực nước,06/11/2025 22:00:00,509.07,
73bb8be6-bbd6-4042-8360-30abdced336a,Ia M’lá,425850,Mực nước,06/11/2025 23:00:00,509.09,
73bb8be6-bbd6-4042-8360-30abdced336a,Ia M’lá,425850,Mực nước,07/11/2025 00:00:00,509.1,
73bb8be6-bbd6-4042-8360-30abdced336a,Ia M’lá,425850,Mực nước,07/11/2025 01:00:00,509.15,
73bb8be6-bbd6-4042-8360-30abdced336a,Ia M’lá,425850,Mực nước,07/11/2025 02:00:00,509.21,
73bb8be6-bbd6-4042-8360-30abdced336a,Ia M’lá,425850,Mực nước,07/11/2025 03:00:00,509.28,
73bb8be6-bbd6-4042-8360-30abdced336a,Ia M’lá,425850,Mực nước,07/11/2025 04:00:00,509.37,
73bb8be6-bbd6-4042-8360-30abdced336a,Ia M’lá,425850,Mực nước,07/11/2025 05:00:00,509.47,
73bb8be6-bbd6-4042-8360-30abdced336a,Ia M’lá,425850,Mực nước,07/11/2025 06:00:00,509.57,
73bb8be6-bbd6-4042-8360-30abdced336a,Ia M’lá,425850,Mực nước,07/11/2025 07:00:00,509.67,
7D5B7DB0-D64A-4A36-BD4E-54A95CA62E9D,Sông Ba Hạ,425850,Mực nước,31/10/2025 07:00:00,506.84,
7D5B7DB0-D64A-4A36-BD4E-54A95CA62E9D,Sông Ba Hạ,425850,Mực nước,31/10/2025 13:00:00,506.95,
7D5B7DB0-D64A-4A36-BD4E-54A95CA62E9D,Sông Ba Hạ,425850,Mực nước,31/10/2025 17:00:00,507.02,
7D5B7DB0-D64A-4A36-BD4E-54A95CA62E9D,Sông Ba Hạ,425850,Mực nước,01/11/2025 07:00:00,507.24,
7D5B7DB0-D64A-4A36-BD4E-54A95CA62E9D,Sông Ba Hạ,425850,Mực nước,01/11/2025 13:00:00,507.35,
7D5B7DB0-D64A-4A36-BD4E-54A95CA62E9D,Sông Ba Hạ,425850,Mực nước,01/11/2025 17:00:00,507.4,
7D5B7DB0-D64A-4A36-BD4E-54A95CA62E9D,Sông Ba Hạ,425850,Mực nước,02/11/2025 07:00:00,507.66,
7D5B7DB0-D64A-4A36-BD4E-54A95CA62E9D,Sông Ba Hạ,425850,Mực nước,02/11/2025 13:00:00,507.85,
7D5B7DB0-D64A-4A36-BD4E-54A95CA62E9D,Sông Ba Hạ,425850,Mực nước,02/11/2025 17:00:00,507.96,
7D5B7DB0-D64A-4A36-BD4E-54A95CA62E9D,Sông Ba Hạ,425850,Mực nước,03/11/2025 07:00:00,508.37,
7D5B7DB0-D64A-4A36-BD4E-54A95CA62E9D,Sông Ba Hạ,425850,Mực nước,03/11/2025 13:00:00,508.52,
7D5B7DB0-D64A-4A36-BD4E-54A95CA62E9D,Sông Ba Hạ,425850,Mực nước,03/11/2025 17:00:00,508.6,
7D5B7DB0-D64A-4A36-BD4E-54A95CA62E9D,Sông Ba Hạ,425850,Mực nước,04/11/2025 07:00:00,508.86,
7D5B7DB0-D64A-4A36-BD4E-54A95CA62E9D,Sông Ba Hạ,425850,Mực nước,04/11/2025 13:00:00,508.95,
7D5B7DB0-D64A-4A36-BD4E-54A95CA62E9D,Sông Ba Hạ,425850,Mực nước,04/11/2025 17:00:00,508.98,
7D5B7DB0-D64A-4A36-BD4E-54A95CA62E9D,Sông Ba Hạ,425850,Mực nước,05/11/2025 07:00:00,509.1,
7D5B7DB0-D64A-4A36-BD4E-54A95CA62E9D,Sông Ba Hạ,425850,Mực nước,05/11/2025 13:00:00,509.15,
7D5B7DB0-D64A-4A36-BD4E-54A95CA62E9D,Sông Ba Hạ,425850,Mực nước,05/11/2025 17:00:00,509.17,
7D5B7DB0-D64A-4A36-BD4E-54A95CA62E9D,Sông Ba Hạ,425850,Mực nước,06/11/2025 07:00:00,509.2,
7D5B7DB0-D64A-4A36-BD4E-54A95CA62E9D,Sông Ba Hạ,425850,Mực nước,06/11/2025 13:00:00,509.05,
7D5B7DB0-D64A-4A36-BD4E-54A95CA62E9D,Sông Ba Hạ,425850,Mực nước,06/11/2025 17:00:00,509.01,
7D5B7DB0-D64A-4A36-BD4E-54A95CA62E9D,Sông Ba Hạ,425850,Mực nước,06/11/2025 18:00:00,509.01,
7D5B7DB0-D64A-4A36-BD4E-54A95CA62E9D,Sông Ba Hạ,425850,Mực nước,06/11/2025 19:00:00,509.01,
7D5B7DB0-D64A-4A36-BD4E-54A95CA62E9D,Sông Ba Hạ,425850,Mực nước,06/11/2025 20:00:00,509.02,
7D5B7DB0-D64A-4A36-BD4E-54A95CA62E9D,Sông Ba Hạ,425850,Mực nước,06/11/2025 21:00:00,509.04,
7D5B7DB0-D64A-4A36-BD4E-54A95CA62E9D,Sông Ba Hạ,425850,Mực nước,06/11/2025 22:00:00,509.07,
7D5B7DB0-D64A-4A36-BD4E-54A95CA62E9D,Sông Ba Hạ,425850,Mực nước,06/11/2025 23:00:00,509.09,
7D5B7DB0-D64A-4A36-BD4E-54A95CA62E9D,Sông Ba Hạ,425850,Mực nước,07/11/2025 00:00:00,509.1,
7D5B7DB0-D64A-4A36-BD4E-54A95CA62E9D,Sông Ba Hạ,425850,Mực nước,07/11/2025 01:00:00,509.15,
7D5B7DB0-D64A-4A36-BD4E-54A95CA62E9D,Sông Ba Hạ,425850,Mực nước,07/11/2025 02:00:00,509.21,
7D5B7DB0-D64A-4A36-BD4E-54A95CA62E9D,Sông Ba Hạ,425850,Mực nước,07/11/2025 03:00:00,509.28,
7D5B7DB0-D64A-4A36-BD4E-54A95CA62E9D,Sông Ba Hạ,425850,Mực nước,07/11/2025 04:00:00,509.37,
7D5B7DB0-D64A-4A36-BD4E-54A95CA62E9D,Sông Ba Hạ,425850,Mực nước,07/11/2025 05:00:00,509.47,
7D5B7DB0-D64A-4A36-BD4E-54A95CA62E9D,Sông Ba Hạ,425850,Mực nước,07/11/2025 06:00:00,509.57,
7D5B7DB0-D64A-4A36-BD4E-54A95CA62E9D,Sông Ba Hạ,425850,Mực nước,07/11/2025 07:00:00,509.67,
9CBE33CD-5CFB-4CB9-BAEB-59147A825DF0,Ayun Hạ,425850,Mực nước,31/10/2025 07:00:00,506.84,
9CBE33CD-5CFB-4CB9-BAEB-59147A825DF0,Ayun Hạ,425850,Mực nước,31/10/2025 13:00:00,506.95,
9CBE33CD-5CFB-4CB9-BAEB-59147A825DF0,Ayun Hạ,425850,Mực nước,31/10/2025 17:00:00,507.02,
9CBE33CD-5CFB-4CB9-BAEB-59147A825DF0,Ayun Hạ,425850,Mực nước,01/11/2025 07:00:00,507.24,
9CBE33CD-5CFB-4CB9-BAEB-59147A825DF0,Ayun Hạ,425850,Mực nước,01/11/2025 13:00:00,507.35,
9CBE33CD-5CFB-4CB9-BAEB-59147A825DF0,Ayun Hạ,425850,Mực nước,01/11/2025 17:00:00,507.4,
9CBE33CD-5CFB-4CB9-BAEB-59147A825DF0,Ayun Hạ,425850,Mực nước,02/11/2025 07:00:00,507.66,
9CBE33CD-5CFB-4CB9-BAEB-59147A825DF0,Ayun Hạ,425850,Mực nước,02/11/2025 13:00:00,507.85,
9CBE33CD-5CFB-4CB9-BAEB-59147A825DF0,Ayun Hạ,425850,Mực nước,02/11/2025 17:00:00,507.96,
9CBE33CD-5CFB-4CB9-BAEB-59147A825DF0,Ayun Hạ,425850,Mực nước,03/11/2025 07:00:00,508.37,
9CBE33CD-5CFB-4CB9-BAEB-59147A825DF0,Ayun Hạ,425850,Mực nước,03/11/2025 13:00:00,508.52,
9CBE33CD-5CFB-4CB9-BAEB-59147A825DF0,Ayun Hạ,425850,Mực nước,03/11/2025 17:00:00,508.6,
9CBE33CD-5CFB-4CB9-BAEB-59147A825DF0,Ayun Hạ,425850,Mực nước,04/11/2025 07:00:00,508.86,
9CBE33CD-5CFB-4CB9-BAEB-59147A825DF0,Ayun Hạ,425850,Mực nước,04/11/2025 13:00:00,508.95,
9CBE33CD-5CFB-4CB9-BAEB-59147A825DF0,Ayun Hạ,425850,Mực nước,04/11/2025 17:00:00,508.98,
9CBE33CD-5CFB-4CB9-BAEB-59147A825DF0,Ayun Hạ,425850,Mực nước,05/11/2025 07:00:00,509.1,
9CBE33CD-5CFB-4CB9-BAEB-59147A825DF0,Ayun Hạ,425850,Mực nước,05/11/2025 13:00:00,509.15,
9CBE33CD-5CFB-4CB9-BAEB-59147A825DF0,Ayun Hạ,425850,Mực nước,05/11/2025 17:00:00,509.17,
9CBE33CD-5CFB-4CB9-BAEB-59147A825DF0,Ayun Hạ,425850,Mực nước,06/11/2025 07:00:00,509.2,
9CBE33CD-5CFB-4CB9-BAEB-59147A825DF0,Ayun Hạ,425850,Mực nước,06/11/2025 13:00:00,509.05,
9CBE33CD-5CFB-4CB9-BAEB-59147A825DF0,Ayun Hạ,425850,Mực nước,06/11/2025 17:00:00,509.01,
9CBE33CD-5CFB-4CB9-BAEB-59147A825DF0,Ayun Hạ,425850,Mực nước,06/11/2025 18:00:00,509.01,
9CBE33CD-5CFB-4CB9-BAEB-59147A825DF0,Ayun Hạ,425850,Mực nước,06/11/2025 19:00:00,509.01,
9CBE33CD-5CFB-4CB9-BAEB-59147A825DF0,Ayun Hạ,425850,Mực nước,06/11/2025 20:00:00,509.02,
9CBE33CD-5CFB-4CB9-BAEB-59147A825DF0,Ayun Hạ,425850,Mực nước,06/11/2025 21:00:00,509.04,
9CBE33CD-5CFB-4CB9-BAEB-59147A825DF0,Ayun Hạ,425850,Mực nước,06/11/2025 22:00:00,509.07,
9CBE33CD-5CFB-4CB9-BAEB-59147A825DF0,Ayun Hạ,425850,Mực nước,06/11/2025 23:00:00,509.09,
9CBE33CD-5CFB-4CB9-BAEB-59147A825DF0,Ayun Hạ,425850,Mực nước,07/11/2025 00:00:00,509.1,
9CBE33CD-5CFB-4CB9-BAEB-59147A825DF0,Ayun Hạ,425850,Mực nước,07/11/2025 01:00:00,509.15,
9CBE33CD-5CFB-4CB9-BAEB-59147A825DF0,Ayun Hạ,425850,Mực nước,07/11/2025 02:00:00,509.21,
9CBE33CD-5CFB-4CB9-BAEB-59147A825DF0,Ayun Hạ,425850,Mực nước,07/11/2025 03:00:00,509.28,
9CBE33CD-5CFB-4CB9-BAEB-59147A825DF0,Ayun Hạ,425850,Mực nước,07/11/2025 04:00:00,509.37,
9CBE33CD-5CFB-4CB9-BAEB-59147A825DF0,Ayun Hạ,425850,Mực nước,07/11/2025 05:00:00,509.47,
9CBE33CD-5CFB-4CB9-BAEB-59147A825DF0,Ayun Hạ,425850,Mực nước,07/11/2025 06:00:00,509.57,
9CBE33CD-5CFB-4CB9-BAEB-59147A825DF0,Ayun Hạ,425850,Mực nước,07/11/2025 07:00:00,509.67,
D0C28BB9-FE47-4BC2-B0DB-445038C1D1C5,Sông Hinh,425850,Mực nước,31/10/2025 07:00:00,506.84,
D0C28BB9-FE47-4BC2-B0DB-445038C1D1C5,Sông Hinh,425850,Mực nước,31/10/2025 13:00:00,506.95,
D0C28BB9-FE47-4BC2-B0DB-445038C1D1C5,Sông Hinh,425850,Mực nước,31/10/2025 17:00:00,507.02,
D0C28BB9-FE47-4BC2-B0DB-445038C1D1C5,Sông Hinh,425850,Mực nước,01/11/2025 07:00:00,507.24,
D0C28BB9-FE47-4BC2-B0DB-445038C1D1C5,Sông Hinh,425850,Mực nước,01/11/2025 13:00:00,507.35,
D0C28BB9-FE47-4BC2-B0DB-445038C1D1C5,Sông Hinh,425850,Mực nước,01/11/2025 17:00:00,507.4,
D0C28BB9-FE47-4BC2-B0DB-445038C1D1C5,Sông Hinh,425850,Mực nước,02/11/2025 07:00:00,507.66,
D0C28BB9-FE47-4BC2-B0DB-445038C1D1C5,Sông Hinh,425850,Mực nước,02/11/2025 13:00:00,507.85,
D0C28BB9-FE47-4BC2-B0DB-445038C1D1C5,Sông Hinh,425850,Mực nước,02/11/2025 17:00:00,507.96,
D0C28BB9-FE47-4BC2-B0DB-445038C1D1C5,Sông Hinh,425850,Mực nước,03/11/2025 07:00:00,508.37,
D0C28BB9-FE47-4BC2-B0DB-445038C1D1C5,Sông Hinh,425850,Mực nước,03/11/2025 13:00:00,508.52,
D0C28BB9-FE47-4BC2-B0DB-445038C1D1C5,Sông Hinh,425850,Mực nước,03/11/2025 17:00:00,508.6,
D0C28BB9-FE47-4BC2-B0DB-445038C1D1C5,Sông Hinh,425850,Mực nước,04/11/2025 07:00:00,508.86,
D0C28BB9-FE47-4BC2-B0DB-445038C1D1C5,Sông Hinh,425850,Mực nước,04/11/2025 13:00:00,508.95,
D0C28BB9-FE47-4BC2-B0DB-445038C1D1C5,Sông Hinh,425850,Mực nước,04/11/2025 17:00:00,508.98,
D0C28BB9-FE47-4BC2-B0DB-445038C1D1C5,Sông Hinh,425850,Mực nước,05/11/2025 07:00:00,509.1,
D0C28BB9-FE47-4BC2-B0DB-445038C1D1C5,Sông Hinh,425850,Mực nước,05/11/2025 13:00:00,509.15,
D0C28BB9-FE47-4BC2-B0DB-445038C1D1C5,Sông Hinh,425850,Mực nước,05/11/2025 17:00:00,509.17,
D0C28BB9-FE47-4BC2-B0DB-445038C1D1C5,Sông Hinh,425850,Mực nước,06/11/2025 07:00:00,509.2,
D0C28BB9-FE47-4BC2-B0DB-445038C1D1C5,Sông Hinh,425850,Mực nước,06/11/2025 13:00:00,509.05,
D0C28BB9-FE47-4BC2-B0DB-445038C1D1C5,Sông Hinh,425850,Mực nước,06/11/2025 17:00:00,509.01,
D0C28BB9-FE47-4BC2-B0DB-445038C1D1C5,Sông Hinh,425850,Mực nước,06/11/2025 18:00:00,509.01,
D0C28BB9-FE47-4BC2-B0DB-445038C1D1C5,Sông Hinh,425850,Mực nước,06/11/2025 19:00:00,509.01,
D0C28BB9-FE47-4BC2-B0DB-445038C1D1C5,Sông Hinh,425850,Mực nước,06/11/2025 20:00:00,509.02,
D0C28BB9-FE47-4BC2-B0DB-445038C1D1C5,Sông Hinh,425850,Mực nước,06/11/2025 21:00:00,509.04,
D0C28BB9-FE47-4BC2-B0DB-445038C1D1C5,Sông Hinh,425850,Mực nước,06/11/2025 22:00:00,509.07,
D0C28BB9-FE47-4BC2-B0DB-445038C1D1C5,Sông Hinh,425850,Mực nước,06/11/2025 23:00:00,509.09,
D0C28BB9-FE47-4BC2-B0DB-445038C1D1C5,Sông Hinh,425850,Mực nước,07/11/2025 00:00:00,509.1,
D0C28BB9-FE47-4BC2-B0DB-445038C1D1C5,Sông Hinh,425850,Mực nước,07/11/2025 01:00:00,509.15,
D0C28BB9-FE47-4BC2-B0DB-445038C1D1C5,Sông Hinh,425850,Mực nước,07/11/2025 02:00:00,509.21,
D0C28BB9-FE47-4BC2-B0DB-445038C1D1C5,Sông Hinh,425850,Mực nước,07/11/2025 03:00:00,509.28,
D0C28BB9-FE47-4BC2-B0DB-445038C1D1C5,Sông Hinh,425850,Mực nước,07/11/2025 04:00:00,509.37,
D0C28BB9-FE47-4BC2-B0DB-445038C1D1C5,Sông Hinh,425850,Mực nước,07/11/2025 05:00:00,509.47,
D0C28BB9-FE47-4BC2-B0DB-445038C1D1C5,Sông Hinh,425850,Mực nước,07/11/2025 06:00:00,509.57,
D0C28BB9-FE47-4BC2-B0DB-445038C1D1C5,Sông Hinh,425850,Mực nước,07/11/2025 07:00:00,509.67,
9BFF6E76-94E2-4233-B659-258D74A1295F,Trà Xom 1,425850,Mực nước,31/10/2025 07:00:00,506.84,
9BFF6E76-94E2-4233-B659-258D74A1295F,Trà Xom 1,425850,Mực nước,31/10/2025 13:00:00,506.95,
9BFF6E76-94E2-4233-B659-258D74A1295F,Trà Xom 1,425850,Mực nước,31/10/2025 17:00:00,507.02,
9BFF6E76-94E2-4233-B659-258D74A1295F,Trà Xom 1,425850,Mực nước,01/11/2025 07:00:00,507.24,
9BFF6E76-94E2-4233-B659-258D74A1295F,Trà Xom 1,425850,Mực nước,01/11/2025 13:00:00,507.35,
9BFF6E76-94E2-4233-B659-258D74A1295F,Trà Xom 1,425850,Mực nước,01/11/2025 17:00:00,507.4,
9BFF6E76-94E2-4233-B659-258D74A1295F,Trà Xom 1,425850,Mực nước,02/11/2025 07:00:00,507.66,
9BFF6E76-94E2-4233-B659-258D74A1295F,Trà Xom 1,425850,Mực nước,02/11/2025 13:00:00,507.85,
9BFF6E76-94E2-4233-B659-258D74A1295F,Trà Xom 1,425850,Mực nước,02/11/2025 17:00:00,507.96,
9BFF6E76-94E2-4233-B659-258D74A1295F,Trà Xom 1,425850,Mực nước,03/11/2025 07:00:00,508.37,
9BFF6E76-94E2-4233-B659-258D74A1295F,Trà Xom 1,425850,Mực nước,03/11/2025 13:00:00,508.52,
9BFF6E76-94E2-4233-B659-258D74A1295F,Trà Xom 1,425850,Mực nước,03/11/2025 17:00:00,508.6,
9BFF6E76-94E2-4233-B659-258D74A1295F,Trà Xom 1,425850,Mực nước,04/11/2025 07:00:00,508.86,
9BFF6E76-94E2-4233-B659-258D74A1295F,Trà Xom 1,425850,Mực nước,04/11/2025 13:00:00,508.95,
9BFF6E76-94E2-4233-B659-258D74A1295F,Trà Xom 1,425850,Mực nước,04/11/2025 17:00:00,508.98,
9BFF6E76-94E2-4233-B659-258D74A1295F,Trà Xom 1,425850,Mực nước,05/11/2025 07:00:00,509.1,
9BFF6E76-94E2-4233-B659-258D74A1295F,Trà Xom 1,425850,Mực nước,05/11/2025 13:00:00,509.15,
9BFF6E76-94E2-4233-B659-258D74A1295F,Trà Xom 1,425850,Mực nước,05/11/2025 17:00:00,509.17,
9BFF6E76-94E2-4233-B659-258D74A1295F,Trà Xom 1,425850,Mực nước,06/11/2025 07:00:00,509.2,
9BFF6E76-94E2-4233-B659-258D74A1295F,Trà Xom 1,425850,Mực nước,06/11/2025 13:00:00,509.05,
9BFF6E76-94E2-4233-B659-258D74A1295F,Trà Xom 1,425850,Mực nước,06/11/2025 17:00:00,509.01,
9BFF6E76-94E2-4233-B659-258D74A1295F,Trà Xom 1,425850,Mực nước,06/11/2025 18:00:00,509.01,
9BFF6E76-94E2-4233-B659-258D74A1295F,Trà Xom 1,425850,Mực nước,06/11/2025 19:00:00,509.01,
9BFF6E76-94E2-4233-B659-258D74A1295F,Trà Xom 1,425850,Mực nước,06/11/2025 20:00:00,509.02,
9BFF6E76-94E2-4233-B659-258D74A1295F,Trà Xom 1,425850,Mực nước,06/11/2025 21:00:00,509.04,
9BFF6E76-94E2-4233-B659-258D74A1295F,Trà Xom 1,425850,Mực nước,06/11/2025 22:00:00,509.07,
9BFF6E76-94E2-4233-B659-258D74A1295F,Trà Xom 1,425850,Mực nước,06/11/2025 23:00:00,509.09,
9BFF6E76-94E2-4233-B659-258D74A1295F,Trà Xom 1,425850,Mực nước,07/11/2025 00:00:00,509.1,
9BFF6E76-94E2-4233-B659-258D74A1295F,Trà Xom 1,425850,Mực nước,07/11/2025 01:00:00,509.15,
9BFF6E76-94E2-4233-B659-258D74A1295F,Trà Xom 1,425850,Mực nước,07/11/2025 02:00:00,509.21,
9BFF6E76-94E2-4233-B659-258D74A1295F,Trà Xom 1,425850,Mực nước,07/11/2025 03:00:00,509.28,
9BFF6E76-94E2-4233-B659-258D74A1295F,Trà Xom 1,425850,Mực nước,07/11/2025 04:00:00,509.37,
9BFF6E76-94E2-4233-B659-258D74A1295F,Trà Xom 1,425850,Mực nước,07/11/2025 05:00:00,509.47,
9BFF6E76-94E2-4233-B659-258D74A1295F,Trà Xom 1,425850,Mực nước,07/11/2025 06:00:00,509.57,
9BFF6E76-94E2-4233-B659-258D74A1295F,Trà Xom 1,425850,Mực nước,07/11/2025 07:00:00,509.67,
c9a8c4ca-f1bb-467f-82c4-0999294af8fc,Định Bình,425850,Mực nước,31/10/2025 07:00:00,506.84,
c9a8c4ca-f1bb-467f-82c4-0999294af8fc,Định Bình,425850,Mực nước,31/10/2025 13:00:00,506.95,
c9a8c4ca-f1bb-467f-82c4-0999294af8fc,Định Bình,425850,Mực nước,31/10/2025 17:00:00,507.02,
c9a8c4ca-f1bb-467f-82c4-0999294af8fc,Định Bình,425850,Mực nước,01/11/2025 07:00:00,507.24,
c9a8c4ca-f1bb-467f-82c4-0999294af8fc,Định Bình,425850,Mực nước,01/11/2025 13:00:00,507.35,
c9a8c4ca-f1bb-467f-82c4-0999294af8fc,Định Bình,425850,Mực nước,01/11/2025 17:00:00,507.4,
c9a8c4ca-f1bb-467f-82c4-0999294af8fc,Định Bình,425850,Mực nước,02/11/2025 07:00:00,507.66,
c9a8c4ca-f1bb-467f-82c4-0999294af8fc,Định Bình,425850,Mực nước,02/11/2025 13:00:00,507.85,
c9a8c4ca-f1bb-467f-82c4-0999294af8fc,Định Bình,425850,Mực nước,02/11/2025 17:00:00,507.96,
c9a8c4ca-f1bb-467f-82c4-0999294af8fc,Định Bình,425850,Mực nước,03/11/2025 07:00:00,508.37,
c9a8c4ca-f1bb-467f-82c4-0999294af8fc,Định Bình,425850,Mực nước,03/11/2025 13:00:00,508.52,
c9a8c4ca-f1bb-467f-82c4-0999294af8fc,Định Bình,425850,Mực nước,03/11/2025 17:00:00,508.6,
c9a8c4ca-f1bb-467f-82c4-0999294af8fc,Định Bình,425850,Mực nước,04/11/2025 07:00:00,508.86,
c9a8c4ca-f1bb-467f-82c4-0999294af8fc,Định Bình,425850,Mực nước,04/11/2025 13:00:00,508.95,
c9a8c4ca-f1bb-467f-82c4-0999294af8fc,Định Bình,425850,Mực nước,04/11/2025 17:00:00,508.98,
c9a8c4ca-f1bb-467f-82c4-0999294af8fc,Định Bình,425850,Mực nước,05/11/2025 07:00:00,509.1,
c9a8c4ca-f1bb-467f-82c4-0999294af8fc,Định Bình,425850,Mực nước,05/11/2025 13:00:00,509.15,
c9a8c4ca-f1bb-467f-82c4-0999294af8fc,Định Bình,425850,Mực nước,05/11/2025 17:00:00,509.17,
c9a8c4ca-f1bb-467f-82c4-0999294af8fc,Định Bình,425850,Mực nước,06/11/2025 07:00:00,509.2,
c9a8c4ca-f1bb-467f-82c4-0999294af8fc,Định Bình,425850,Mực nước,06/11/2025 13:00:00,509.05,
c9a8c4ca-f1bb-467f-82c4-0999294af8fc,Định Bình,425850,Mực nước,06/11/2025 17:00:00,509.01,
c9a8c4ca-f1bb-467f-82c4-0999294af8fc,Định Bình,425850,Mực nước,06/11/2025 18:00:00,509.01,
c9a8c4ca-f1bb-467f-82c4-0999294af8fc,Định Bình,425850,Mực nước,06/11/2025 19:00:00,509.01,
c9a8c4ca-f1bb-467f-82c4-0999294af8fc,Định Bình,425850,Mực nước,06/11/2025 20:00:00,509.02,
c9a8c4ca-f1bb-467f-82c4-0999294af8fc,Định Bình,425850,Mực nước,06/11/2025 21:00:00,509.04,
c9a8c4ca-f1bb-467f-82c4-0999294af8fc,Định Bình,425850,Mực nước,06/11/2025 22:00:00,509.07,
c9a8c4ca-f1bb-467f-82c4-0999294af8fc,Định Bình,425850,Mực nước,06/11/2025 23:00:00,509.09,
c9a8c4ca-f1bb-467f-82c4-0999294af8fc,Định Bình,425850,Mực nước,07/11/2025 00:00:00,509.1,
c9a8c4ca-f1bb-467f-82c4-0999294af8fc,Định Bình,425850,Mực nước,07/11/2025 01:00:00,509.15,
c9a8c4ca-f1bb-467f-82c4-0999294af8fc,Định Bình,425850,Mực nước,07/11/2025 02:00:00,509.21,
c9a8c4ca-f1bb-467f-82c4-0999294af8fc,Định Bình,425850,Mực nước,07/11/2025 03:00:00,509.28,
c9a8c4ca-f1bb-467f-82c4-0999294af8fc,Định Bình,425850,Mực nước,07/11/2025 04:00:00,509.37,
c9a8c4ca-f1bb-467f-82c4-0999294af8fc,Định Bình,425850,Mực nước,07/11/2025 05:00:00,509.47,
c9a8c4ca-f1bb-467f-82c4-0999294af8fc,Định Bình,425850,Mực nước,07/11/2025 06:00:00,509.57,
c9a8c4ca-f1bb-467f-82c4-0999294af8fc,Định Bình,425850,Mực nước,07/11/2025 07:00:00,509.67,
0CE5BB74-C0BB-4C3F-8F2F-2F99485098AD,Krông Búk hạ,425850,Mực nước,31/10/2025 07:00:00,506.84,
0CE5BB74-C0BB-4C3F-8F2F-2F99485098AD,Krông Búk hạ,425850,Mực nước,31/10/2025 13:00:00,506.95,
0CE5BB74-C0BB-4C3F-8F2F-2F99485098AD,Krông Búk hạ,425850,Mực nước,31/10/2025 17:00:00,507.02,
0CE5BB74-C0BB-4C3F-8F2F-2F99485098AD,Krông Búk hạ,425850,Mực nước,01/11/2025 07:00:00,507.24,
0CE5BB74-C0BB-4C3F-8F2F-2F99485098AD,Krông Búk hạ,425850,Mực nước,01/11/2025 13:00:00,507.35,
0CE5BB74-C0BB-4C3F-8F2F-2F99485098AD,Krông Búk hạ,425850,Mực nước,01/11/2025 17:00:00,507.4,
0CE5BB74-C0BB-4C3F-8F2F-2F99485098AD,Krông Búk hạ,425850,Mực nước,02/11/2025 07:00:00,507.66,
0CE5BB74-C0BB-4C3F-8F2F-2F99485098AD,Krông Búk hạ,425850,Mực nước,02/11/2025 13:00:00,507.85,
0CE5BB74-C0BB-4C3F-8F2F-2F99485098AD,Krông Búk hạ,425850,Mực nước,02/11/2025 17:00:00,507.96,
0CE5BB74-C0BB-4C3F-8F2F-2F99485098AD,Krông Búk hạ,425850,Mực nước,03/11/2025 07:00:00,508.37,
0CE5BB74-C0BB-4C3F-8F2F-2F99485098AD,Krông Búk hạ,425850,Mực nước,03/11/2025 13:00:00,508.52,
0CE5BB74-C0BB-4C3F-8F2F-2F99485098AD,Krông Búk hạ,425850,Mực nước,03/11/2025 17:00:00,508.6,
0CE5BB74-C0BB-4C3F-8F2F-2F99485098AD,Krông Búk hạ,425850,Mực nước,04/11/2025 07:00:00,508.86,
0CE5BB74-C0BB-4C3F-8F2F-2F99485098AD,Krông Búk hạ,425850,Mực nước,04/11/2025 13:00:00,508.95,
0CE5BB74-C0BB-4C3F-8F2F-2F99485098AD,Krông Búk hạ,425850,Mực nước,04/11/2025 17:00:00,508.98,
0CE5BB74-C0BB-4C3F-8F2F-2F99485098AD,Krông Búk hạ,425850,Mực nước,05/11/2025 07:00:00,509.1,
0CE5BB74-C0BB-4C3F-8F2F-2F99485098AD,Krông Búk hạ,425850,Mực nước,05/11/2025 13:00:00,509.15,
0CE5BB74-C0BB-4C3F-8F2F-2F99485098AD,Krông Búk hạ,425850,Mực nước,05/11/2025 17:00:00,509.17,
0CE5BB74-C0BB-4C3F-8F2F-2F99485098AD,Krông Búk hạ,425850,Mực nước,06/11/2025 07:00:00,509.2,
0CE5BB74-C0BB-4C3F-8F2F-2F99485098AD,Krông Búk hạ,425850,Mực nước,06/11/2025 13:00:00,509.05,
0CE5BB74-C0BB-4C3F-8F2F-2F99485098AD,Krông Búk hạ,425850,Mực nước,06/11/2025 17:00:00,509.01,
0CE5BB74-C0BB-4C3F-8F2F-2F99485098AD,Krông Búk hạ,425850,Mực nước,06/11/2025 18:00:00,509.01,
0CE5BB74-C0BB-4C3F-8F2F-2F99485098AD,Krông Búk hạ,425850,Mực nước,06/11/2025 19:00:00,509.01,
0CE5BB74-C0BB-4C3F-8F2F-2F99485098AD,Krông Búk hạ,425850,Mực nước,06/11/2025 20:00:00,509.02,
0CE5BB74-C0BB-4C3F-8F2F-2F99485098AD,Krông Búk hạ,425850,Mực nước,06/11/2025 21:00:00,509.04,
0CE5BB74-C0BB-4C3F-8F2F-2F99485098AD,Krông Búk hạ,425850,Mực nước,06/11/2025 22:00:00,509.07,
0CE5BB74-C0BB-4C3F-8F2F-2F99485098AD,Krông Búk hạ,425850,Mực nước,06/11/2025 23:00:00,509.09,
0CE5BB74-C0BB-4C3F-8F2F-2F99485098AD,Krông Búk hạ,425850,Mực nước,07/11/2025 00:00:00,509.1,
0CE5BB74-C0BB-4C3F-8F2F-2F99485098AD,Krông Búk hạ,425850,Mực nước,07/11/2025 01:00:00,509.15,
0CE5BB74-C0BB-4C3F-8F2F-2F99485098AD,Krông Búk hạ,425850,Mực nước,07/11/2025 02:00:00,509.21,
0CE5BB74-C0BB-4C3F-8F2F-2F99485098AD,Krông Búk hạ,425850,Mực nước,07/11/2025 03:00:00,509.28,
0CE5BB74-C0BB-4C3F-8F2F-2F99485098AD,Krông Búk hạ,425850,Mực nước,07/11/2025 04:00:00,509.37,
0CE5BB74-C0BB-4C3F-8F2F-2F99485098AD,Krông Búk hạ,425850,Mực nước,07/11/2025 05:00:00,509.47,
0CE5BB74-C0BB-4C3F-8F2F-2F99485098AD,Krông Búk hạ,425850,Mực nước,07/11/2025 06:00:00,509.57,
0CE5BB74-C0BB-4C3F-8F2F-2F99485098AD,Krông Búk hạ,425850,Mực nước,07/11/2025 07:00:00,509.67,
8DDDF139-D18F-484B-8BE8-832EF79861F6,Buôn Tua Srah,425850,Mực nước,31/10/2025 07:00:00,506.84,
8DDDF139-D18F-484B-8BE8-832EF79861F6,Buôn Tua Srah,425850,Mực nước,31/10/2025 13:00:00,506.95,
8DDDF139-D18F-484B-8BE8-832EF79861F6,Buôn Tua Srah,425850,Mực nước,31/10/2025 17:00:00,507.02,
8DDDF139-D18F-484B-8BE8-832EF79861F6,Buôn Tua Srah,425850,Mực nước,01/11/2025 07:00:00,507.24,
8DDDF139-D18F-484B-8BE8-832EF79861F6,Buôn Tua Srah,425850,Mực nước,01/11/2025 13:00:00,507.35,
8DDDF139-D18F-484B-8BE8-832EF79861F6,Buôn Tua Srah,425850,Mực nước,01/11/2025 17:00:00,507.4,
8DDDF139-D18F-484B-8BE8-832EF79861F6,Buôn Tua Srah,425850,Mực nước,02/11/2025 07:00:00,507.66,
8DDDF139-D18F-484B-8BE8-832EF79861F6,Buôn Tua Srah,425850,Mực nước,02/11/2025 13:00:00,507.85,
8DDDF139-D18F-484B-8BE8-832EF79861F6,Buôn Tua Srah,425850,Mực nước,02/11/2025 17:00:00,507.96,
8DDDF139-D18F-484B-8BE8-832EF79861F6,Buôn Tua Srah,425850,Mực nước,03/11/2025 07:00:00,508.37,
8DDDF139-D18F-484B-8BE8-832EF79861F6,Buôn Tua Srah,425850,Mực nước,03/11/2025 13:00:00,508.52,
8DDDF139-D18F-484B-8BE8-832EF79861F6,Buôn Tua Srah,425850,Mực nước,03/11/2025 17:00:00,508.6,
8DDDF139-D18F-484B-8BE8-832EF79861F6,Buôn Tua Srah,425850,Mực nước,04/11/2025 07:00:00,508.86,
8DDDF139-D18F-484B-8BE8-832EF79861F6,Buôn Tua Srah,425850,Mực nước,04/11/2025 13:00:00,508.95,
8DDDF139-D18F-484B-8BE8-832EF79861F6,Buôn Tua Srah,425850,Mực nước,04/11/2025 17:00:00,508.98,
8DDDF139-D18F-484B-8BE8-832EF79861F6,Buôn Tua Srah,425850,Mực nước,05/11/2025 07:00:00,509.1,
8DDDF139-D18F-484B-8BE8-832EF79861F6,Buôn Tua Srah,425850,Mực nước,05/11/2025 13:00:00,509.15,
8DDDF139-D18F-484B-8BE8-832EF79861F6,Buôn Tua Srah,425850,Mực nước,05/11/2025 17:00:00,509.17,
8DDDF139-D18F-484B-8BE8-832EF79861F6,Buôn Tua Srah,425850,Mực nước,06/11/2025 07:00:00,509.2,
8DDDF139-D18F-484B-8BE8-832EF79861F6,Buôn Tua Srah,425850,Mực nước,06/11/2025 13:00:00,509.05,
8DDDF139-D18F-484B-8BE8-832EF79861F6,Buôn Tua Srah,425850,Mực nước,06/11/2025 17:00:00,509.01,
8DDDF139-D18F-484B-8BE8-832EF79861F6,Buôn Tua Srah,425850,Mực nước,06/11/2025 18:00:00,509.01,
8DDDF139-D18F-484B-8BE8-832EF79861F6,Buôn Tua Srah,425850,Mực nước,06/11/2025 19:00:00,509.01,
8DDDF139-D18F-484B-8BE8-832EF79861F6,Buôn Tua Srah,425850,Mực nước,06/11/2025 20:00:00,509.02,
8DDDF139-D18F-484B-8BE8-832EF79861F6,Buôn Tua Srah,425850,Mực nước,06/11/2025 21:00:00,509.04,
8DDDF139-D18F-484B-8BE8-832EF79861F6,Buôn Tua Srah,425850,Mực nước,06/11/2025 22:00:00,509.07,
8DDDF139-D18F-484B-8BE8-832EF79861F6,Buôn Tua Srah,425850,Mực nước,06/11/2025 23:00:00,509.09,
8DDDF139-D18F-484B-8BE8-832EF79861F6,Buôn Tua Srah,425850,Mực nước,07/11/2025 00:00:00,509.1,
8DDDF139-D18F-484B-8BE8-832EF79861F6,Buôn Tua Srah,425850,Mực nước,07/11/2025 01:00:00,509.15,
8DDDF139-D18F-484B-8BE8-832EF79861F6,Buôn Tua Srah,425850,Mực nước,07/11/2025 02:00:00,509.21,
8DDDF139-D18F-484B-8BE8-832EF79861F6,Buôn Tua Srah,425850,Mực nước,07/11/2025 03:00:00,509.28,
8DDDF139-D18F-484B-8BE8-832EF79861F6,Buôn Tua Srah,425850,Mực nước,07/11/2025 04:00:00,509.37,
8DDDF139-D18F-484B-8BE8-832EF79861F6,Buôn Tua Srah,425850,Mực nước,07/11/2025 05:00:00,509.47,
8DDDF139-D18F-484B-8BE8-832EF79861F6,Buôn Tua Srah,425850,Mực nước,07/11/2025 06:00:00,509.57,
8DDDF139-D18F-484B-8BE8-832EF79861F6,Buôn Tua Srah,425850,Mực nước,07/11/2025 07:00:00,509.67,
929f34bb-4d88-4364-8882-4099e75bcfd5,Nước Trong,425850,Mực nước,31/10/2025 07:00:00,506.84,
929f34bb-4d88-4364-8882-4099e75bcfd5,Nước Trong,425850,Mực nước,31/10/2025 13:00:00,506.95,
929f34bb-4d88-4364-8882-4099e75bcfd5,Nước Trong,425850,Mực nước,31/10/2025 17:00:00,507.02,
929f34bb-4d88-4364-8882-4099e75bcfd5,Nước Trong,425850,Mực nước,01/11/2025 07:00:00,507.24,
929f34bb-4d88-4364-8882-4099e75bcfd5,Nước Trong,425850,Mực nước,01/11/2025 13:00:00,507.35,
929f34bb-4d88-4364-8882-4099e75bcfd5,Nước Trong,425850,Mực nước,01/11/2025 17:00:00,507.4,
929f34bb-4d88-4364-8882-4099e75bcfd5,Nước Trong,425850,Mực nước,02/11/2025 07:00:00,507.66,
929f34bb-4d88-4364-8882-4099e75bcfd5,Nước Trong,425850,Mực nước,02/11/2025 13:00:00,507.85,
929f34bb-4d88-4364-8882-4099e75bcfd5,Nước Trong,425850,Mực nước,02/11/2025 17:00:00,507.96,
929f34bb-4d88-4364-8882-4099e75bcfd5,Nước Trong,425850,Mực nước,03/11/2025 07:00:00,508.37,
929f34bb-4d88-4364-8882-4099e75bcfd5,Nước Trong,425850,Mực nước,03/11/2025 13:00:00,508.52,
929f34bb-4d88-4364-8882-4099e75bcfd5,Nước Trong,425850,Mực nước,03/11/2025 17:00:00,508.6,
929f34bb-4d88-4364-8882-4099e75bcfd5,Nước Trong,425850,Mực nước,04/11/2025 07:00:00,508.86,
929f34bb-4d88-4364-8882-4099e75bcfd5,Nước Trong,425850,Mực nước,04/11/2025 13:00:00,508.95,
929f34bb-4d88-4364-8882-4099e75bcfd5,Nước Trong,425850,Mực nước,04/11/2025 17:00:00,508.98,
929f34bb-4d88-4364-8882-4099e75bcfd5,Nước Trong,425850,Mực nước,05/11/2025 07:00:00,509.1,
929f34bb-4d88-4364-8882-4099e75bcfd5,Nước Trong,425850,Mực nước,05/11/2025 13:00:00,509.15,
929f34bb-4d88-4364-8882-4099e75bcfd5,Nước Trong,425850,Mực nước,05/11/2025 17:00:00,509.17,
929f34bb-4d88-4364-8882-4099e75bcfd5,Nước Trong,425850,Mực nước,06/11/2025 07:00:00,509.2,
929f34bb-4d88-4364-8882-4099e75bcfd5,Nước Trong,425850,Mực nước,06/11/2025 13:00:00,509.05,
929f34bb-4d88-4364-8882-4099e75bcfd5,Nước Trong,425850,Mực nước,06/11/2025 17:00:00,509.01,
929f34bb-4d88-4364-8882-4099e75bcfd5,Nước Trong,425850,Mực nước,06/11/2025 18:00:00,509.01,
929f34bb-4d88-4364-8882-4099e75bcfd5,Nước Trong,425850,Mực nước,06/11/2025 19:00:00,509.01,
929f34bb-4d88-4364-8882-4099e75bcfd5,Nước Trong,425850,Mực nước,06/11/2025 20:00:00,509.02,
929f34bb-4d88-4364-8882-4099e75bcfd5,Nước Trong,425850,Mực nước,06/11/2025 21:00:00,509.04,
929f34bb-4d88-4364-8882-4099e75bcfd5,Nước Trong,425850,Mực nước,06/11/2025 22:00:00,509.07,
929f34bb-4d88-4364-8882-4099e75bcfd5,Nước Trong,425850,Mực nước,06/11/2025 23:00:00,509.09,
929f34bb-4d88-4364-8882-4099e75bcfd5,Nước Trong,425850,Mực nước,07/11/2025 00:00:00,509.1,
929f34bb-4d88-4364-8882-4099e75bcfd5,Nước Trong,425850,Mực nước,07/11/2025 01:00:00,509.15,
929f34bb-4d88-4364-8882-4099e75bcfd5,Nước Trong,425850,Mực nước,07/11/2025 02:00:00,509.21,
929f34bb-4d88-4364-8882-4099e75bcfd5,Nước Trong,425850,Mực nước,07/11/2025 03:00:00,509.28,
929f34bb-4d88-4364-8882-4099e75bcfd5,Nước Trong,425850,Mực nước,07/11/2025 04:00:00,509.37,
929f34bb-4d88-4364-8882-4099e75bcfd5,Nước Trong,425850,Mực nước,07/11/2025 05:00:00,509.47,
929f34bb-4d88-4364-8882-4099e75bcfd5,Nước Trong,425850,Mực nước,07/11/2025 06:00:00,509.57,
929f34bb-4d88-4364-8882-4099e75bcfd5,Nước Trong,425850,Mực nước,07/11/2025 07:00:00,509.67,
062A7CF0-46F3-4E99-8BCD-040CEF304344,Thuận Ninh,425850,Mực nước,31/10/2025 07:00:00,506.84,
062A7CF0-46F3-4E99-8BCD-040CEF304344,Thuận Ninh,425850,Mực nước,31/10/2025 13:00:00,506.95,
062A7CF0-46F3-4E99-8BCD-040CEF304344,Thuận Ninh,425850,Mực nước,31/10/2025 17:00:00,507.02,
062A7CF0-46F3-4E99-8BCD-040CEF304344,Thuận Ninh,425850,Mực nước,01/11/2025 07:00:00,507.24,
062A7CF0-46F3-4E99-8BCD-040CEF304344,Thuận Ninh,425850,Mực nước,01/11/2025 13:00:00,507.35,
062A7CF0-46F3-4E99-8BCD-040CEF304344,Thuận Ninh,425850,Mực nước,01/11/2025 17:00:00,507.4,
062A7CF0-46F3-4E99-8BCD-040CEF304344,Thuận Ninh,425850,Mực nước,02/11/2025 07:00:00,507.66,
062A7CF0-46F3-4E99-8BCD-040CEF304344,Thuận Ninh,425850,Mực nước,02/11/2025 13:00:00,507.85,
062A7CF0-46F3-4E99-8BCD-040CEF304344,Thuận Ninh,425850,Mực nước,02/11/2025 17:00:00,507.96,
062A7CF0-46F3-4E99-8BCD-040CEF304344,Thuận Ninh,425850,Mực nước,03/11/2025 07:00:00,508.37,
062A7CF0-46F3-4E99-8BCD-040CEF304344,Thuận Ninh,425850,Mực nước,03/11/2025 13:00:00,508.52,
062A7CF0-46F3-4E99-8BCD-040CEF304344,Thuận Ninh,425850,Mực nước,03/11/2025 17:00:00,508.6,
062A7CF0-46F3-4E99-8BCD-040CEF304344,Thuận Ninh,425850,Mực nước,04/11/2025 07:00:00,508.86,
062A7CF0-46F3-4E99-8BCD-040CEF304344,Thuận Ninh,425850,Mực nước,04/11/2025 13:00:00,508.95,
062A7CF0-46F3-4E99-8BCD-040CEF304344,Thuận Ninh,425850,Mực nước,04/11/2025 17:00:00,508.98,
062A7CF0-46F3-4E99-8BCD-040CEF304344,Thuận Ninh,425850,Mực nước,05/11/2025 07:00:00,509.1,
062A7CF0-46F3-4E99-8BCD-040CEF304344,Thuận Ninh,425850,Mực nước,05/11/2025 13:00:00,509.15,
062A7CF0-46F3-4E99-8BCD-040CEF304344,Thuận Ninh,425850,Mực nước,05/11/2025 17:00:00,509.17,
062A7CF0-46F3-4E99-8BCD-040CEF304344,Thuận Ninh,425850,Mực nước,06/11/2025 07:00:00,509.2,
062A7CF0-46F3-4E99-8BCD-040CEF304344,Thuận Ninh,425850,Mực nước,06/11/2025 13:00:00,509.05,
062A7CF0-46F3-4E99-8BCD-040CEF304344,Thuận Ninh,425850,Mực nước,06/11/2025 17:00:00,509.01,
062A7CF0-46F3-4E99-8BCD-040CEF304344,Thuận Ninh,425850,Mực nước,06/11/2025 18:00:00,509.01,
062A7CF0-46F3-4E99-8BCD-040CEF304344,Thuận Ninh,425850,Mực nước,06/11/2025 19:00:00,509.01,
062A7CF0-46F3-4E99-8BCD-040CEF304344,Thuận Ninh,425850,Mực nước,06/11/2025 20:00:00,509.02,
062A7CF0-46F3-4E99-8BCD-040CEF304344,Thuận Ninh,425850,Mực nước,06/11/2025 21:00:00,509.04,
062A7CF0-46F3-4E99-8BCD-040CEF304344,Thuận Ninh,425850,Mực nước,06/11/2025 22:00:00,509.07,
062A7CF0-46F3-4E99-8BCD-040CEF304344,Thuận Ninh,425850,Mực nước,06/11/2025 23:00:00,509.09,
062A7CF0-46F3-4E99-8BCD-040CEF304344,Thuận Ninh,425850,Mực nước,07/11/2025 00:00:00,509.1,
062A7CF0-46F3-4E99-8BCD-040CEF304344,Thuận Ninh,425850,Mực nước,07/11/2025 01:00:00,509.15,
062A7CF0-46F3-4E99-8BCD-040CEF304344,Thuận Ninh,425850,Mực nước,07/11/2025 02:00:00,509.21,
062A7CF0-46F3-4E99-8BCD-040CEF304344,Thuận Ninh,425850,Mực nước,07/11/2025 03:00:00,509.28,
062A7CF0-46F3-4E99-8BCD-040CEF304344,Thuận Ninh,425850,Mực nước,07/11/2025 04:00:00,509.37,
062A7CF0-46F3-4E99-8BCD-040CEF304344,Thuận Ninh,425850,Mực nước,07/11/2025 05:00:00,509.47,
062A7CF0-46F3-4E99-8BCD-040CEF304344,Thuận Ninh,425850,Mực nước,07/11/2025 06:00:00,509.57,
062A7CF0-46F3-4E99-8BCD-040CEF304344,Thuận Ninh,425850,Mực nước,07/11/2025 07:00:00,509.67,
