Mã trạm,Trạm,Tên tỉnh,Tên sông,Mực nước (cm),Cảnh báo,Cảnh báo value (0-4),BĐ1 (m),BĐ2 (m),BĐ3 (m),Mực nước lịch sử (m),Năm lũ lịch sử,Thời gian (GMT+7),Start time (GMT+7),End time (GMT+7),x,y
69716,Bản Đôn,Đắk Lắk,Srêpốk,17055.0,Bình thường,0.0,171.0,173.0,174.0,178.84,1993,01/11/2025 03:00,01/11/2025 01:00,01/11/2025 03:00,107.79299926757812,12.850000381469727
69716,Bản Đôn,Đắk Lắk,Srêpốk,17057.0,Bình thường,0.0,171.0,173.0,174.0,178.84,1993,01/11/2025 05:00,01/11/2025 03:00,01/11/2025 05:00,107.79299926757812,12.850000381469727
69716,Bản Đôn,Đắk Lắk,Srêpốk,17059.0,Bình thường,0.0,171.0,173.0,174.0,178.84,1993,01/11/2025 07:00,01/11/2025 05:00,01/11/2025 07:00,107.79299926757812,12.850000381469727
69716,Bản Đôn,Đắk Lắk,Srêpốk,17059.0,Bình thường,0.0,171.0,173.0,174.0,178.84,1993,01/11/2025 09:00,01/11/2025 07:00,01/11/2025 09:00,107.79299926757812,12.850000381469727
69716,Bản Đôn,Đắk Lắk,Srêpốk,17059.0,Bình thường,0.0,171.0,173.0,174.0,178.84,1993,01/11/2025 11:00,01/11/2025 09:00,01/11/2025 11:00,107.79299926757812,12.850000381469727
69716,Bản Đôn,Đắk Lắk,Srêpốk,17059.0,Bình thường,0.0,171.0,173.0,174.0,178.84,1993,01/11/2025 13:00,01/11/2025 11:00,01/11/2025 13:00,107.79299926757812,12.850000381469727
69716,Bản Đôn,Đắk Lắk,Srêpốk,17059.0,Bình thường,0.0,171.0,173.0,174.0,178.84,1993,01/11/2025 15:00,01/11/2025 13:00,01/11/2025 15:00,107.79299926757812,12.850000381469727
69716,Bản Đôn,Đắk Lắk,Srêpốk,17055.0,Bình thường,0.0,171.0,173.0,174.0,178.84,1993,01/11/2025 17:00,01/11/2025 15:00,01/11/2025 17:00,107.79299926757812,12.850000381469727
69716,Bản Đôn,Đắk Lắk,Srêpốk,17048.0,Bình thường,0.0,171.0,173.0,174.0,178.84,1993,01/11/2025 19:00,01/11/2025 17:00,01/11/2025 19:00,107.79299926757812,12.850000381469727
69716,Bản Đôn,Đắk Lắk,Srêpốk,17018.0,Bình thường,0.0,171.0,173.0,174.0,178.84,1993,02/11/2025 01:00,01/11/2025 19:00,02/11/2025 01:00,107.79299926757812,12.850000381469727
69716,Bản Đôn,Đắk Lắk,Srêpốk,17000.0,Bình thường,0.0,171.0,173.0,174.0,178.84,1993,02/11/2025 03:00,02/11/2025 01:00,02/11/2025 03:00,107.79299926757812,12.850000381469727
69716,Bản Đôn,Đắk Lắk,Srêpốk,16995.0,Bình thường,0.0,171.0,173.0,174.0,178.84,1993,02/11/2025 05:00,02/11/2025 03:00,02/11/2025 05:00,107.79299926757812,12.850000381469727
69716,Bản Đôn,Đắk Lắk,Srêpốk,16990.0,Bình thường,0.0,171.0,173.0,174.0,178.84,1993,02/11/2025 07:00,02/11/2025 05:00,02/11/2025 07:00,107.79299926757812,12.850000381469727
69716,Bản Đôn,Đắk Lắk,Srêpốk,16990.0,Bình thường,0.0,171.0,173.0,174.0,178.84,1993,02/11/2025 09:00,02/11/2025 07:00,02/11/2025 09:00,107.79299926757812,12.850000381469727
69716,Bản Đôn,Đắk Lắk,Srêpốk,17036.0,Bình thường,0.0,171.0,173.0,174.0,178.84,1993,02/11/2025 11:00,02/11/2025 09:00,02/11/2025 11:00,107.79299926757812,12.850000381469727
69716,Bản Đôn,Đắk Lắk,Srêpốk,17042.0,Bình thường,0.0,171.0,173.0,174.0,178.84,1993,02/11/2025 13:00,02/11/2025 11:00,02/11/2025 13:00,107.79299926757812,12.850000381469727
69716,Bản Đôn,Đắk Lắk,Srêpốk,17048.0,Bình thường,0.0,171.0,173.0,174.0,178.84,1993,02/11/2025 15:00,02/11/2025 13:00,02/11/2025 15:00,107.79299926757812,12.850000381469727
69716,Bản Đôn,Đắk Lắk,Srêpốk,17050.0,Bình thường,0.0,171.0,173.0,174.0,178.84,1993,02/11/2025 17:00,02/11/2025 15:00,02/11/2025 17:00,107.79299926757812,12.850000381469727
69716,Bản Đôn,Đắk Lắk,Srêpốk,17052.0,Bình thường,0.0,171.0,173.0,174.0,178.84,1993,02/11/2025 19:00,02/11/2025 17:00,02/11/2025 19:00,107.79299926757812,12.850000381469727
69716,Bản Đôn,Đắk Lắk,Srêpốk,17055.0,Bình thường,0.0,171.0,173.0,174.0,178.84,1993,03/11/2025 01:00,02/11/2025 19:00,03/11/2025 01:00,107.79299926757812,12.850000381469727
69716,Bản Đôn,Đắk Lắk,Srêpốk,17068.0,Bình thường,0.0,171.0,173.0,174.0,178.84,1993,03/11/2025 03:00,03/11/2025 01:00,03/11/2025 03:00,107.79299926757812,12.850000381469727
69716,Bản Đôn,Đắk Lắk,Srêpốk,17076.0,Bình thường,0.0,171.0,173.0,174.0,178.84,1993,03/11/2025 05:00,03/11/2025 03:00,03/11/2025 05:00,107.79299926757812,12.850000381469727
69716,Bản Đôn,Đắk Lắk,Srêpốk,17080.0,Bình thường,0.0,171.0,173.0,174.0,178.84,1993,03/11/2025 07:00,03/11/2025 05:00,03/11/2025 07:00,107.79299926757812,12.850000381469727
69716,Bản Đôn,Đắk Lắk,Srêpốk,17072.0,Bình thường,0.0,171.0,173.0,174.0,178.84,1993,03/11/2025 09:00,03/11/2025 07:00,03/11/2025 09:00,107.79299926757812,12.850000381469727
69716,Bản Đôn,Đắk Lắk,Srêpốk,17064.0,Bình thường,0.0,171.0,173.0,174.0,178.84,1993,03/11/2025 11:00,03/11/2025 09:00,03/11/2025 11:00,107.79299926757812,12.850000381469727
69716,Bản Đôn,Đắk Lắk,Srêpốk,17056.0,Bình thường,0.0,171.0,173.0,174.0,178.84,1993,03/11/2025 13:00,03/11/2025 11:00,03/11/2025 13:00,107.79299926757812,12.850000381469727
69716,Bản Đôn,Đắk Lắk,Srêpốk,17050.0,Bình thường,0.0,171.0,173.0,174.0,178.84,1993,03/11/2025 15:00,03/11/2025 13:00,03/11/2025 15:00,107.79299926757812,12.850000381469727
69716,Bản Đôn,Đắk Lắk,Srêpốk,17048.0,Bình thường,0.0,171.0,173.0,174.0,178.84,1993,03/11/2025 17:00,03/11/2025 15:00,03/11/2025 17:00,107.79299926757812,12.850000381469727
69716,Bản Đôn,Đắk Lắk,Srêpốk,17046.0,Bình thường,0.0,171.0,173.0,174.0,178.84,1993,03/11/2025 19:00,03/11/2025 17:00,03/11/2025 19:00,107.79299926757812,12.850000381469727
69716,Bản Đôn,Đắk Lắk,Srêpốk,17098.0,Bình thường,0.0,171.0,173.0,174.0,178.84,1993,04/11/2025 01:00,03/11/2025 19:00,04/11/2025 01:00,107.79299926757812,12.850000381469727
69716,Bản Đôn,Đắk Lắk,Srêpốk,17084.0,Bình thường,0.0,171.0,173.0,174.0,178.84,1993,04/11/2025 03:00,04/11/2025 01:00,04/11/2025 03:00,107.79299926757812,12.850000381469727
69716,Bản Đôn,Đắk Lắk,Srêpốk,17080.0,Bình thường,0.0,171.0,173.0,174.0,178.84,1993,04/11/2025 05:00,04/11/2025 03:00,04/11/2025 05:00,107.79299926757812,12.850000381469727
69716,Bản Đôn,Đắk Lắk,Srêpốk,17120.0,Trên BĐ1,1.0,171.0,173.0,174.0,178.84,1993,04/11/2025 07:00,04/11/2025 05:00,04/11/2025 07:00,107.79299926757812,12.850000381469727
69716,Bản Đôn,Đắk Lắk,Srêpốk,17157.0,Trên BĐ1,1.0,171.0,173.0,174.0,178.84,1993,04/11/2025 09:00,04/11/2025 07:00,04/11/2025 09:00,107.79299926757812,12.850000381469727
69716,Bản Đôn,Đắk Lắk,Srêpốk,17151.0,Trên BĐ1,1.0,171.0,173.0,174.0,178.84,1993,04/11/2025 11:00,04/11/2025 09:00,04/11/2025 11:00,107.79299926757812,12.850000381469727
69716,Bản Đôn,Đắk Lắk,Srêpốk,17129.0,Trên BĐ1,1.0,171.0,173.0,174.0,178.84,1993,04/11/2025 13:00,04/11/2025 11:00,04/11/2025 13:00,107.79299926757812,12.850000381469727
69716,Bản Đôn,Đắk Lắk,Srêpốk,17135.0,Trên BĐ1,1.0,171.0,173.0,174.0,178.84,1993,04/11/2025 15:00,04/11/2025 13:00,04/11/2025 15:00,107.79299926757812,12.850000381469727
69716,Bản Đôn,Đắk Lắk,Srêpốk,17149.0,Trên BĐ1,1.0,171.0,173.0,174.0,178.84,1993,04/11/2025 17:00,04/11/2025 15:00,04/11/2025 17:00,107.79299926757812,12.850000381469727
69716,Bản Đôn,Đắk Lắk,Srêpốk,17155.0,Trên BĐ1,1.0,171.0,173.0,174.0,178.84,1993,04/11/2025 19:00,04/11/2025 17:00,04/11/2025 19:00,107.79299926757812,12.850000381469727
69716,Bản Đôn,Đắk Lắk,Srêpốk,17141.0,Trên BĐ1,1.0,171.0,173.0,174.0,178.84,1993,05/11/2025 01:00,04/11/2025 19:00,05/11/2025 01:00,107.79299926757812,12.850000381469727
69716,Bản Đôn,Đắk Lắk,Srêpốk,17112.0,Trên BĐ1,1.0,171.0,173.0,174.0,178.84,1993,05/11/2025 03:00,05/11/2025 01:00,05/11/2025 03:00,107.79299926757812,12.850000381469727
69716,Bản Đôn,Đắk Lắk,Srêpốk,17083.0,Bình thường,0.0,171.0,173.0,174.0,178.84,1993,05/11/2025 05:00,05/11/2025 03:00,05/11/2025 05:00,107.79299926757812,12.850000381469727
69716,Bản Đôn,Đắk Lắk,Srêpốk,17078.0,Bình thường,0.0,171.0,173.0,174.0,178.84,1993,05/11/2025 07:00,05/11/2025 05:00,05/11/2025 07:00,107.79299926757812,12.850000381469727
69716,Bản Đôn,Đắk Lắk,Srêpốk,17115.0,Trên BĐ1,1.0,171.0,173.0,174.0,178.84,1993,05/11/2025 09:00,05/11/2025 07:00,05/11/2025 09:00,107.79299926757812,12.850000381469727
69716,Bản Đôn,Đắk Lắk,Srêpốk,17084.0,Bình thường,0.0,171.0,173.0,174.0,178.84,1993,05/11/2025 11:00,05/11/2025 09:00,05/11/2025 11:00,107.79299926757812,12.850000381469727
69716,Bản Đôn,Đắk Lắk,Srêpốk,17048.0,Bình thường,0.0,171.0,173.0,174.0,178.84,1993,05/11/2025 13:00,05/11/2025 11:00,05/11/2025 13:00,107.79299926757812,12.850000381469727
69716,Bản Đôn,Đắk Lắk,Srêpốk,17081.0,Bình thường,0.0,171.0,173.0,174.0,178.84,1993,05/11/2025 15:00,05/11/2025 13:00,05/11/2025 15:00,107.79299926757812,12.850000381469727
69716,Bản Đôn,Đắk Lắk,Srêpốk,17118.0,Trên BĐ1,1.0,171.0,173.0,174.0,178.84,1993,05/11/2025 17:00,05/11/2025 15:00,05/11/2025 17:00,107.79299926757812,12.850000381469727
69716,Bản Đôn,Đắk Lắk,Srêpốk,17152.0,Trên BĐ1,1.0,171.0,173.0,174.0,178.84,1993,05/11/2025 19:00,05/11/2025 17:00,05/11/2025 19:00,107.79299926757812,12.850000381469727
69716,Bản Đôn,Đắk Lắk,Srêpốk,17123.0,Trên BĐ1,1.0,171.0,173.0,174.0,178.84,1993,06/11/2025 01:00,05/11/2025 19:00,06/11/2025 01:00,107.79299926757812,12.850000381469727
69716,Bản Đôn,Đắk Lắk,Srêpốk,17092.0,Bình thường,0.0,171.0,173.0,174.0,178.84,1993,06/11/2025 03:00,06/11/2025 01:00,06/11/2025 03:00,107.79299926757812,12.850000381469727
69716,Bản Đôn,Đắk Lắk,Srêpốk,17081.0,Bình thường,0.0,171.0,173.0,174.0,178.84,1993,06/11/2025 05:00,06/11/2025 03:00,06/11/2025 05:00,107.79299926757812,12.850000381469727
69716,Bản Đôn,Đắk Lắk,Srêpốk,17117.0,Trên BĐ1,1.0,171.0,173.0,174.0,178.84,1993,06/11/2025 07:00,06/11/2025 05:00,06/11/2025 07:00,107.79299926757812,12.850000381469727
69716,Bản Đôn,Đắk Lắk,Srêpốk,17156.0,Trên BĐ1,1.0,171.0,173.0,174.0,178.84,1993,06/11/2025 09:00,06/11/2025 07:00,06/11/2025 09:00,107.79299926757812,12.850000381469727
69716,Bản Đôn,Đắk Lắk,Srêpốk,17150.0,Trên BĐ1,1.0,171.0,173.0,174.0,178.84,1993,06/11/2025 11:00,06/11/2025 09:00,06/11/2025 11:00,107.79299926757812,12.850000381469727
69716,Bản Đôn,Đắk Lắk,Srêpốk,17114.0,Trên BĐ1,1.0,171.0,173.0,174.0,178.84,1993,06/11/2025 13:00,06/11/2025 11:00,06/11/2025 13:00,107.79299926757812,12.850000381469727
69716,Bản Đôn,Đắk Lắk,Srêpốk,17140.0,Trên BĐ1,1.0,171.0,173.0,174.0,178.84,1993,06/11/2025 15:00,06/11/2025 13:00,06/11/2025 15:00,107.79299926757812,12.850000381469727
69716,Bản Đôn,Đắk Lắk,Srêpốk,17169.0,Trên BĐ1,1.0,171.0,173.0,174.0,178.84,1993,06/11/2025 17:00,06/11/2025 15:00,06/11/2025 17:00,107.79299926757812,12.850000381469727
69716,Bản Đôn,Đắk Lắk,Srêpốk,17185.0,Trên BĐ1,1.0,171.0,173.0,174.0,178.84,1993,06/11/2025 19:00,06/11/2025 17:00,06/11/2025 19:00,107.79299926757812,12.850000381469727
69716,Bản Đôn,Đắk Lắk,Srêpốk,17227.0,Trên BĐ1,1.0,171.0,173.0,174.0,178.84,1993,07/11/2025 01:00,06/11/2025 19:00,07/11/2025 01:00,107.79299926757812,12.850000381469727
69716,Bản Đôn,Đắk Lắk,Srêpốk,17233.0,Trên BĐ1,1.0,171.0,173.0,174.0,178.84,1993,07/11/2025 03:00,07/11/2025 01:00,07/11/2025 03:00,107.79299926757812,12.850000381469727
69716,Bản Đôn,Đắk Lắk,Srêpốk,17231.0,Trên BĐ1,1.0,171.0,173.0,174.0,178.84,1993,07/11/2025 05:00,07/11/2025 03:00,07/11/2025 05:00,107.79299926757812,12.850000381469727
69716,Bản Đôn,Đắk Lắk,Srêpốk,17235.0,Trên BĐ1,1.0,171.0,173.0,174.0,178.84,1993,07/11/2025 07:00,07/11/2025 05:00,07/11/2025 07:00,107.79299926757812,12.850000381469727
69716,Bản Đôn,Đắk Lắk,Srêpốk,,Không có dữ liệu,,171.0,173.0,174.0,178.84,1993,07/11/2025 08:00,07/11/2025 07:00,07/11/2025 08:00,107.79299926757812,12.850000381469727
69716,Bản Đôn,Đắk Lắk,Srêpốk,17040.0,Bình thường,0.0,171.0,173.0,174.0,178.84,1993,31/10/2025 01:00,31/10/2025 01:00,31/10/2025 01:00,107.79299926757812,12.850000381469727
69716,Bản Đôn,Đắk Lắk,Srêpốk,17042.0,Bình thường,0.0,171.0,173.0,174.0,178.84,1993,31/10/2025 03:00,31/10/2025 01:00,31/10/2025 03:00,107.79299926757812,12.850000381469727
69716,Bản Đôn,Đắk Lắk,Srêpốk,17043.0,Bình thường,0.0,171.0,173.0,174.0,178.84,1993,31/10/2025 05:00,31/10/2025 03:00,31/10/2025 05:00,107.79299926757812,12.850000381469727
69716,Bản Đôn,Đắk Lắk,Srêpốk,17043.0,Bình thường,0.0,171.0,173.0,174.0,178.84,1993,31/10/2025 07:00,31/10/2025 05:00,31/10/2025 07:00,107.79299926757812,12.850000381469727
69716,Bản Đôn,Đắk Lắk,Srêpốk,17039.0,Bình thường,0.0,171.0,173.0,174.0,178.84,1993,31/10/2025 09:00,31/10/2025 07:00,31/10/2025 09:00,107.79299926757812,12.850000381469727
69716,Bản Đôn,Đắk Lắk,Srêpốk,17035.0,Bình thường,0.0,171.0,173.0,174.0,178.84,1993,31/10/2025 11:00,31/10/2025 09:00,31/10/2025 11:00,107.79299926757812,12.850000381469727
69716,Bản Đôn,Đắk Lắk,Srêpốk,17030.0,Bình thường,0.0,171.0,173.0,174.0,178.84,1993,31/10/2025 13:00,31/10/2025 11:00,31/10/2025 13:00,107.79299926757812,12.850000381469727
69716,Bản Đôn,Đắk Lắk,Srêpốk,17030.0,Bình thường,0.0,171.0,173.0,174.0,178.84,1993,31/10/2025 15:00,31/10/2025 13:00,31/10/2025 15:00,107.79299926757812,12.850000381469727
69716,Bản Đôn,Đắk Lắk,Srêpốk,17040.0,Bình thường,0.0,171.0,173.0,174.0,178.84,1993,31/10/2025 17:00,31/10/2025 15:00,31/10/2025 17:00,107.79299926757812,12.850000381469727
69716,Bản Đôn,Đắk Lắk,Srêpốk,17050.0,Bình thường,0.0,171.0,173.0,174.0,178.84,1993,31/10/2025 19:00,31/10/2025 17:00,31/10/2025 19:00,107.79299926757812,12.850000381469727
69716,Bản Đôn,Đắk Lắk,Srêpốk,17053.0,Bình thường,0.0,171.0,173.0,174.0,178.84,1993,01/11/2025 01:00,31/10/2025 19:00,01/11/2025 01:00,107.79299926757812,12.850000381469727
69718,Giang Sơn,Đắk Lắk,Krông Ana,41985.0,Bình thường,0.0,420.0,422.0,424.0,429.19,1998,01/11/2025 04:00,01/11/2025 01:00,01/11/2025 04:00,108.19999694824219,12.5
69718,Giang Sơn,Đắk Lắk,Krông Ana,41987.0,Bình thường,0.0,420.0,422.0,424.0,429.19,1998,01/11/2025 07:00,01/11/2025 04:00,01/11/2025 07:00,108.19999694824219,12.5
69718,Giang Sơn,Đắk Lắk,Krông Ana,41989.0,Bình thường,0.0,420.0,422.0,424.0,429.19,1998,01/11/2025 10:00,01/11/2025 07:00,01/11/2025 10:00,108.19999694824219,12.5
69718,Giang Sơn,Đắk Lắk,Krông Ana,41992.0,Bình thường,0.0,420.0,422.0,424.0,429.19,1998,01/11/2025 13:00,01/11/2025 10:00,01/11/2025 13:00,108.19999694824219,12.5
69718,Giang Sơn,Đắk Lắk,Krông Ana,41996.0,Bình thường,0.0,420.0,422.0,424.0,429.19,1998,01/11/2025 16:00,01/11/2025 13:00,01/11/2025 16:00,108.19999694824219,12.5
69718,Giang Sơn,Đắk Lắk,Krông Ana,42000.0,Trên BĐ1,1.0,420.0,422.0,424.0,429.19,1998,01/11/2025 19:00,01/11/2025 16:00,01/11/2025 19:00,108.19999694824219,12.5
69718,Giang Sơn,Đắk Lắk,Krông Ana,42004.0,Trên BĐ1,1.0,420.0,422.0,424.0,429.19,1998,02/11/2025 01:00,01/11/2025 19:00,02/11/2025 01:00,108.19999694824219,12.5
69718,Giang Sơn,Đắk Lắk,Krông Ana,42006.0,Trên BĐ1,1.0,420.0,422.0,424.0,429.19,1998,02/11/2025 04:00,02/11/2025 01:00,02/11/2025 04:00,108.19999694824219,12.5
69718,Giang Sơn,Đắk Lắk,Krông Ana,42006.0,Trên BĐ1,1.0,420.0,422.0,424.0,429.19,1998,02/11/2025 07:00,02/11/2025 04:00,02/11/2025 07:00,108.19999694824219,12.5
69718,Giang Sơn,Đắk Lắk,Krông Ana,42006.0,Trên BĐ1,1.0,420.0,422.0,424.0,429.19,1998,02/11/2025 10:00,02/11/2025 07:00,02/11/2025 10:00,108.19999694824219,12.5
69718,Giang Sơn,Đắk Lắk,Krông Ana,42004.0,Trên BĐ1,1.0,420.0,422.0,424.0,429.19,1998,02/11/2025 13:00,02/11/2025 10:00,02/11/2025 13:00,108.19999694824219,12.5
69718,Giang Sơn,Đắk Lắk,Krông Ana,42002.0,Trên BĐ1,1.0,420.0,422.0,424.0,429.19,1998,02/11/2025 16:00,02/11/2025 13:00,02/11/2025 16:00,108.19999694824219,12.5
69718,Giang Sơn,Đắk Lắk,Krông Ana,41999.0,Bình thường,0.0,420.0,422.0,424.0,429.19,1998,02/11/2025 19:00,02/11/2025 16:00,02/11/2025 19:00,108.19999694824219,12.5
69718,Giang Sơn,Đắk Lắk,Krông Ana,41995.0,Bình thường,0.0,420.0,422.0,424.0,429.19,1998,03/11/2025 01:00,02/11/2025 19:00,03/11/2025 01:00,108.19999694824219,12.5
69718,Giang Sơn,Đắk Lắk,Krông Ana,41993.0,Bình thường,0.0,420.0,422.0,424.0,429.19,1998,03/11/2025 04:00,03/11/2025 01:00,03/11/2025 04:00,108.19999694824219,12.5
69718,Giang Sơn,Đắk Lắk,Krông Ana,41990.0,Bình thường,0.0,420.0,422.0,424.0,429.19,1998,03/11/2025 07:00,03/11/2025 04:00,03/11/2025 07:00,108.19999694824219,12.5
69718,Giang Sơn,Đắk Lắk,Krông Ana,41988.0,Bình thường,0.0,420.0,422.0,424.0,429.19,1998,03/11/2025 10:00,03/11/2025 07:00,03/11/2025 10:00,108.19999694824219,12.5
69718,Giang Sơn,Đắk Lắk,Krông Ana,41986.0,Bình thường,0.0,420.0,422.0,424.0,429.19,1998,03/11/2025 13:00,03/11/2025 10:00,03/11/2025 13:00,108.19999694824219,12.5
69718,Giang Sơn,Đắk Lắk,Krông Ana,41984.0,Bình thường,0.0,420.0,422.0,424.0,429.19,1998,03/11/2025 16:00,03/11/2025 13:00,03/11/2025 16:00,108.19999694824219,12.5
69718,Giang Sơn,Đắk Lắk,Krông Ana,41981.0,Bình thường,0.0,420.0,422.0,424.0,429.19,1998,03/11/2025 19:00,03/11/2025 16:00,03/11/2025 19:00,108.19999694824219,12.5
69718,Giang Sơn,Đắk Lắk,Krông Ana,41976.0,Bình thường,0.0,420.0,422.0,424.0,429.19,1998,04/11/2025 01:00,03/11/2025 19:00,04/11/2025 01:00,108.19999694824219,12.5
69718,Giang Sơn,Đắk Lắk,Krông Ana,41976.0,Bình thường,0.0,420.0,422.0,424.0,429.19,1998,04/11/2025 04:00,04/11/2025 01:00,04/11/2025 04:00,108.19999694824219,12.5
69718,Giang Sơn,Đắk Lắk,Krông Ana,41976.0,Bình thường,0.0,420.0,422.0,424.0,429.19,1998,04/11/2025 07:00,04/11/2025 04:00,04/11/2025 07:00,108.19999694824219,12.5
69718,Giang Sơn,Đắk Lắk,Krông Ana,41975.0,Bình thường,0.0,420.0,422.0,424.0,429.19,1998,04/11/2025 10:00,04/11/2025 07:00,04/11/2025 10:00,108.19999694824219,12.5
69718,Giang Sơn,Đắk Lắk,Krông Ana,41973.0,Bình thường,0.0,420.0,422.0,424.0,429.19,1998,04/11/2025 13:00,04/11/2025 10:00,04/11/2025 13:00,108.19999694824219,12.5
69718,Giang Sơn,Đắk Lắk,Krông Ana,41972.0,Bình thường,0.0,420.0,422.0,424.0,429.19,1998,04/11/2025 16:00,04/11/2025 13:00,04/11/2025 16:00,108.19999694824219,12.5
69718,Giang Sơn,Đắk Lắk,Krông Ana,41971.0,Bình thường,0.0,420.0,422.0,424.0,429.19,1998,04/11/2025 19:00,04/11/2025 16:00,04/11/2025 19:00,108.19999694824219,12.5
69718,Giang Sơn,Đắk Lắk,Krông Ana,41968.0,Bình thường,0.0,420.0,422.0,424.0,429.19,1998,05/11/2025 01:00,04/11/2025 19:00,05/11/2025 01:00,108.19999694824219,12.5
69718,Giang Sơn,Đắk Lắk,Krông Ana,41966.0,Bình thường,0.0,420.0,422.0,424.0,429.19,1998,05/11/2025 04:00,05/11/2025 01:00,05/11/2025 04:00,108.19999694824219,12.5
69718,Giang Sơn,Đắk Lắk,Krông Ana,41964.0,Bình thường,0.0,420.0,422.0,424.0,429.19,1998,05/11/2025 07:00,05/11/2025 04:00,05/11/2025 07:00,108.19999694824219,12.5
69718,Giang Sơn,Đắk Lắk,Krông Ana,41962.0,Bình thường,0.0,420.0,422.0,424.0,429.19,1998,05/11/2025 10:00,05/11/2025 07:00,05/11/2025 10:00,108.19999694824219,12.5
69718,Giang Sơn,Đắk Lắk,Krông Ana,41959.0,Bình thường,0.0,420.0,422.0,424.0,429.19,1998,05/11/2025 13:00,05/11/2025 10:00,05/11/2025 13:00,108.19999694824219,12.5
69718,Giang Sơn,Đắk Lắk,Krông Ana,41956.0,Bình thường,0.0,420.0,422.0,424.0,429.19,1998,05/11/2025 16:00,05/11/2025 13:00,05/11/2025 16:00,108.19999694824219,12.5
69718,Giang Sơn,Đắk Lắk,Krông Ana,41952.0,Bình thường,0.0,420.0,422.0,424.0,429.19,1998,05/11/2025 19:00,05/11/2025 16:00,05/11/2025 19:00,108.19999694824219,12.5
69718,Giang Sơn,Đắk Lắk,Krông Ana,41948.0,Bình thường,0.0,420.0,422.0,424.0,429.19,1998,06/11/2025 01:00,05/11/2025 19:00,06/11/2025 01:00,108.19999694824219,12.5
69718,Giang Sơn,Đắk Lắk,Krông Ana,41945.0,Bình thường,0.0,420.0,422.0,424.0,429.19,1998,06/11/2025 04:00,06/11/2025 01:00,06/11/2025 04:00,108.19999694824219,12.5
69718,Giang Sơn,Đắk Lắk,Krông Ana,41942.0,Bình thường,0.0,420.0,422.0,424.0,429.19,1998,06/11/2025 07:00,06/11/2025 04:00,06/11/2025 07:00,108.19999694824219,12.5
69718,Giang Sơn,Đắk Lắk,Krông Ana,41941.0,Bình thường,0.0,420.0,422.0,424.0,429.19,1998,06/11/2025 10:00,06/11/2025 07:00,06/11/2025 10:00,108.19999694824219,12.5
69718,Giang Sơn,Đắk Lắk,Krông Ana,41941.0,Bình thường,0.0,420.0,422.0,424.0,429.19,1998,06/11/2025 13:00,06/11/2025 10:00,06/11/2025 13:00,108.19999694824219,12.5
69718,Giang Sơn,Đắk Lắk,Krông Ana,41945.0,Bình thường,0.0,420.0,422.0,424.0,429.19,1998,06/11/2025 16:00,06/11/2025 13:00,06/11/2025 16:00,108.19999694824219,12.5
69718,Giang Sơn,Đắk Lắk,Krông Ana,41956.0,Bình thường,0.0,420.0,422.0,424.0,429.19,1998,06/11/2025 19:00,06/11/2025 16:00,06/11/2025 19:00,108.19999694824219,12.5
69718,Giang Sơn,Đắk Lắk,Krông Ana,42005.0,Trên BĐ1,1.0,420.0,422.0,424.0,429.19,1998,07/11/2025 01:00,06/11/2025 19:00,07/11/2025 01:00,108.19999694824219,12.5
69718,Giang Sơn,Đắk Lắk,Krông Ana,42031.0,Trên BĐ1,1.0,420.0,422.0,424.0,429.19,1998,07/11/2025 04:00,07/11/2025 01:00,07/11/2025 04:00,108.19999694824219,12.5
69718,Giang Sơn,Đắk Lắk,Krông Ana,42057.0,Trên BĐ1,1.0,420.0,422.0,424.0,429.19,1998,07/11/2025 07:00,07/11/2025 04:00,07/11/2025 07:00,108.19999694824219,12.5
69718,Giang Sơn,Đắk Lắk,Krông Ana,,Không có dữ liệu,,420.0,422.0,424.0,429.19,1998,07/11/2025 08:00,07/11/2025 07:00,07/11/2025 08:00,108.19999694824219,12.5
69718,Giang Sơn,Đắk Lắk,Krông Ana,41988.0,Bình thường,0.0,420.0,422.0,424.0,429.19,1998,31/10/2025 01:00,31/10/2025 01:00,31/10/2025 01:00,108.19999694824219,12.5
69718,Giang Sơn,Đắk Lắk,Krông Ana,41986.0,Bình thường,0.0,420.0,422.0,424.0,429.19,1998,31/10/2025 04:00,31/10/2025 01:00,31/10/2025 04:00,108.19999694824219,12.5
69718,Giang Sơn,Đắk Lắk,Krông Ana,41984.0,Bình thường,0.0,420.0,422.0,424.0,429.19,1998,31/10/2025 07:00,31/10/2025 04:00,31/10/2025 07:00,108.19999694824219,12.5
69718,Giang Sơn,Đắk Lắk,Krông Ana,41983.0,Bình thường,0.0,420.0,422.0,424.0,429.19,1998,31/10/2025 10:00,31/10/2025 07:00,31/10/2025 10:00,108.19999694824219,12.5
69718,Giang Sơn,Đắk Lắk,Krông Ana,41983.0,Bình thường,0.0,420.0,422.0,424.0,429.19,1998,31/10/2025 13:00,31/10/2025 10:00,31/10/2025 13:00,108.19999694824219,12.5
69718,Giang Sơn,Đắk Lắk,Krông Ana,41983.0,Bình thường,0.0,420.0,422.0,424.0,429.19,1998,31/10/2025 16:00,31/10/2025 13:00,31/10/2025 16:00,108.19999694824219,12.5
69718,Giang Sơn,Đắk Lắk,Krông Ana,41983.0,Bình thường,0.0,420.0,422.0,424.0,429.19,1998,31/10/2025 19:00,31/10/2025 16:00,31/10/2025 19:00,108.19999694824219,12.5
69718,Giang Sơn,Đắk Lắk,Krông Ana,41983.0,Bình thường,0.0,420.0,422.0,424.0,429.19,1998,01/11/2025 01:00,31/10/2025 19:00,01/11/2025 01:00,108.19999694824219,12.5
71540,Trà Khúc,Quảng Ngãi,Trà Khúc,372.0,Trên BĐ1,1.0,3.5,5.0,6.5,8.76,2013,01/11/2025 01:00,01/11/2025 00:00,01/11/2025 01:00,108.78299713134766,15.133000373840332
71540,Trà Khúc,Quảng Ngãi,Trà Khúc,384.0,Trên BĐ1,1.0,3.5,5.0,6.5,8.76,2013,01/11/2025 02:00,01/11/2025 01:00,01/11/2025 02:00,108.78299713134766,15.133000373840332
71540,Trà Khúc,Quảng Ngãi,Trà Khúc,392.0,Trên BĐ1,1.0,3.5,5.0,6.5,8.76,2013,01/11/2025 03:00,01/11/2025 02:00,01/11/2025 03:00,108.78299713134766,15.133000373840332
71540,Trà Khúc,Quảng Ngãi,Trà Khúc,400.0,Trên BĐ1,1.0,3.5,5.0,6.5,8.76,2013,01/11/2025 04:00,01/11/2025 03:00,01/11/2025 04:00,108.78299713134766,15.133000373840332
71540,Trà Khúc,Quảng Ngãi,Trà Khúc,413.0,Trên BĐ1,1.0,3.5,5.0,6.5,8.76,2013,01/11/2025 05:00,01/11/2025 04:00,01/11/2025 05:00,108.78299713134766,15.133000373840332
71540,Trà Khúc,Quảng Ngãi,Trà Khúc,428.0,Trên BĐ1,1.0,3.5,5.0,6.5,8.76,2013,01/11/2025 06:00,01/11/2025 05:00,01/11/2025 06:00,108.78299713134766,15.133000373840332
71540,Trà Khúc,Quảng Ngãi,Trà Khúc,448.0,Trên BĐ1,1.0,3.5,5.0,6.5,8.76,2013,01/11/2025 07:00,01/11/2025 06:00,01/11/2025 07:00,108.78299713134766,15.133000373840332
71540,Trà Khúc,Quảng Ngãi,Trà Khúc,469.0,Trên BĐ1,1.0,3.5,5.0,6.5,8.76,2013,01/11/2025 08:00,01/11/2025 07:00,01/11/2025 08:00,108.78299713134766,15.133000373840332
71540,Trà Khúc,Quảng Ngãi,Trà Khúc,491.0,Trên BĐ1,1.0,3.5,5.0,6.5,8.76,2013,01/11/2025 09:00,01/11/2025 08:00,01/11/2025 09:00,108.78299713134766,15.133000373840332
71540,Trà Khúc,Quảng Ngãi,Trà Khúc,501.0,Trên BĐ2,2.0,3.5,5.0,6.5,8.76,2013,01/11/2025 10:00,01/11/2025 09:00,01/11/2025 10:00,108.78299713134766,15.133000373840332
71540,Trà Khúc,Quảng Ngãi,Trà Khúc,506.0,Trên BĐ2,2.0,3.5,5.0,6.5,8.76,2013,01/11/2025 11:00,01/11/2025 10:00,01/11/2025 11:00,108.78299713134766,15.133000373840332
71540,Trà Khúc,Quảng Ngãi,Trà Khúc,511.0,Trên BĐ2,2.0,3.5,5.0,6.5,8.76,2013,01/11/2025 12:00,01/11/2025 11:00,01/11/2025 12:00,108.78299713134766,15.133000373840332
71540,Trà Khúc,Quảng Ngãi,Trà Khúc,519.0,Trên BĐ2,2.0,3.5,5.0,6.5,8.76,2013,01/11/2025 13:00,01/11/2025 12:00,01/11/2025 13:00,108.78299713134766,15.133000373840332
71540,Trà Khúc,Quảng Ngãi,Trà Khúc,525.0,Trên BĐ2,2.0,3.5,5.0,6.5,8.76,2013,01/11/2025 14:00,01/11/2025 13:00,01/11/2025 14:00,108.78299713134766,15.133000373840332
71540,Trà Khúc,Quảng Ngãi,Trà Khúc,522.0,Trên BĐ2,2.0,3.5,5.0,6.5,8.76,2013,01/11/2025 15:00,01/11/2025 14:00,01/11/2025 15:00,108.78299713134766,15.133000373840332
71540,Trà Khúc,Quảng Ngãi,Trà Khúc,513.0,Trên BĐ2,2.0,3.5,5.0,6.5,8.76,2013,01/11/2025 16:00,01/11/2025 15:00,01/11/2025 16:00,108.78299713134766,15.133000373840332
71540,Trà Khúc,Quảng Ngãi,Trà Khúc,498.0,Trên BĐ1,1.0,3.5,5.0,6.5,8.76,2013,01/11/2025 17:00,01/11/2025 16:00,01/11/2025 17:00,108.78299713134766,15.133000373840332
71540,Trà Khúc,Quảng Ngãi,Trà Khúc,479.0,Trên BĐ1,1.0,3.5,5.0,6.5,8.76,2013,01/11/2025 18:00,01/11/2025 17:00,01/11/2025 18:00,108.78299713134766,15.133000373840332
71540,Trà Khúc,Quảng Ngãi,Trà Khúc,459.0,Trên BĐ1,1.0,3.5,5.0,6.5,8.76,2013,01/11/2025 19:00,01/11/2025 18:00,01/11/2025 19:00,108.78299713134766,15.133000373840332
71540,Trà Khúc,Quảng Ngãi,Trà Khúc,440.0,Trên BĐ1,1.0,3.5,5.0,6.5,8.76,2013,01/11/2025 20:00,01/11/2025 19:00,01/11/2025 20:00,108.78299713134766,15.133000373840332
71540,Trà Khúc,Quảng Ngãi,Trà Khúc,424.0,Trên BĐ1,1.0,3.5,5.0,6.5,8.76,2013,01/11/2025 21:00,01/11/2025 20:00,01/11/2025 21:00,108.78299713134766,15.133000373840332
71540,Trà Khúc,Quảng Ngãi,Trà Khúc,411.0,Trên BĐ1,1.0,3.5,5.0,6.5,8.76,2013,01/11/2025 22:00,01/11/2025 21:00,01/11/2025 22:00,108.78299713134766,15.133000373840332
71540,Trà Khúc,Quảng Ngãi,Trà Khúc,398.0,Trên BĐ1,1.0,3.5,5.0,6.5,8.76,2013,01/11/2025 23:00,01/11/2025 22:00,01/11/2025 23:00,108.78299713134766,15.133000373840332
71540,Trà Khúc,Quảng Ngãi,Trà Khúc,375.0,Trên BĐ1,1.0,3.5,5.0,6.5,8.76,2013,02/11/2025 01:00,01/11/2025 23:00,02/11/2025 01:00,108.78299713134766,15.133000373840332
71540,Trà Khúc,Quảng Ngãi,Trà Khúc,367.0,Trên BĐ1,1.0,3.5,5.0,6.5,8.76,2013,02/11/2025 02:00,02/11/2025 01:00,02/11/2025 02:00,108.78299713134766,15.133000373840332
71540,Trà Khúc,Quảng Ngãi,Trà Khúc,357.0,Trên BĐ1,1.0,3.5,5.0,6.5,8.76,2013,02/11/2025 03:00,02/11/2025 02:00,02/11/2025 03:00,108.78299713134766,15.133000373840332
71540,Trà Khúc,Quảng Ngãi,Trà Khúc,350.0,Trên BĐ1,1.0,3.5,5.0,6.5,8.76,2013,02/11/2025 04:00,02/11/2025 03:00,02/11/2025 04:00,108.78299713134766,15.133000373840332
71540,Trà Khúc,Quảng Ngãi,Trà Khúc,351.0,Trên BĐ1,1.0,3.5,5.0,6.5,8.76,2013,02/11/2025 05:00,02/11/2025 04:00,02/11/2025 05:00,108.78299713134766,15.133000373840332
71540,Trà Khúc,Quảng Ngãi,Trà Khúc,363.0,Trên BĐ1,1.0,3.5,5.0,6.5,8.76,2013,02/11/2025 06:00,02/11/2025 05:00,02/11/2025 06:00,108.78299713134766,15.133000373840332
71540,Trà Khúc,Quảng Ngãi,Trà Khúc,410.0,Trên BĐ1,1.0,3.5,5.0,6.5,8.76,2013,02/11/2025 08:00,02/11/2025 06:00,02/11/2025 08:00,108.78299713134766,15.133000373840332
71540,Trà Khúc,Quảng Ngãi,Trà Khúc,427.0,Trên BĐ1,1.0,3.5,5.0,6.5,8.76,2013,02/11/2025 09:00,02/11/2025 08:00,02/11/2025 09:00,108.78299713134766,15.133000373840332
71540,Trà Khúc,Quảng Ngãi,Trà Khúc,438.0,Trên BĐ1,1.0,3.5,5.0,6.5,8.76,2013,02/11/2025 10:00,02/11/2025 09:00,02/11/2025 10:00,108.78299713134766,15.133000373840332
71540,Trà Khúc,Quảng Ngãi,Trà Khúc,441.0,Trên BĐ1,1.0,3.5,5.0,6.5,8.76,2013,02/11/2025 11:00,02/11/2025 10:00,02/11/2025 11:00,108.78299713134766,15.133000373840332
71540,Trà Khúc,Quảng Ngãi,Trà Khúc,444.0,Trên BĐ1,1.0,3.5,5.0,6.5,8.76,2013,02/11/2025 12:00,02/11/2025 11:00,02/11/2025 12:00,108.78299713134766,15.133000373840332
71540,Trà Khúc,Quảng Ngãi,Trà Khúc,443.0,Trên BĐ1,1.0,3.5,5.0,6.5,8.76,2013,02/11/2025 13:00,02/11/2025 12:00,02/11/2025 13:00,108.78299713134766,15.133000373840332
71540,Trà Khúc,Quảng Ngãi,Trà Khúc,444.0,Trên BĐ1,1.0,3.5,5.0,6.5,8.76,2013,02/11/2025 14:00,02/11/2025 13:00,02/11/2025 14:00,108.78299713134766,15.133000373840332
71540,Trà Khúc,Quảng Ngãi,Trà Khúc,443.0,Trên BĐ1,1.0,3.5,5.0,6.5,8.76,2013,02/11/2025 15:00,02/11/2025 14:00,02/11/2025 15:00,108.78299713134766,15.133000373840332
71540,Trà Khúc,Quảng Ngãi,Trà Khúc,441.0,Trên BĐ1,1.0,3.5,5.0,6.5,8.76,2013,02/11/2025 16:00,02/11/2025 15:00,02/11/2025 16:00,108.78299713134766,15.133000373840332
71540,Trà Khúc,Quảng Ngãi,Trà Khúc,437.0,Trên BĐ1,1.0,3.5,5.0,6.5,8.76,2013,02/11/2025 17:00,02/11/2025 16:00,02/11/2025 17:00,108.78299713134766,15.133000373840332
71540,Trà Khúc,Quảng Ngãi,Trà Khúc,431.0,Trên BĐ1,1.0,3.5,5.0,6.5,8.76,2013,02/11/2025 18:00,02/11/2025 17:00,02/11/2025 18:00,108.78299713134766,15.133000373840332
71540,Trà Khúc,Quảng Ngãi,Trà Khúc,426.0,Trên BĐ1,1.0,3.5,5.0,6.5,8.76,2013,02/11/2025 19:00,02/11/2025 18:00,02/11/2025 19:00,108.78299713134766,15.133000373840332
71540,Trà Khúc,Quảng Ngãi,Trà Khúc,424.0,Trên BĐ1,1.0,3.5,5.0,6.5,8.76,2013,02/11/2025 20:00,02/11/2025 19:00,02/11/2025 20:00,108.78299713134766,15.133000373840332
71540,Trà Khúc,Quảng Ngãi,Trà Khúc,426.0,Trên BĐ1,1.0,3.5,5.0,6.5,8.76,2013,02/11/2025 21:00,02/11/2025 20:00,02/11/2025 21:00,108.78299713134766,15.133000373840332
71540,Trà Khúc,Quảng Ngãi,Trà Khúc,430.0,Trên BĐ1,1.0,3.5,5.0,6.5,8.76,2013,02/11/2025 22:00,02/11/2025 21:00,02/11/2025 22:00,108.78299713134766,15.133000373840332
71540,Trà Khúc,Quảng Ngãi,Trà Khúc,434.0,Trên BĐ1,1.0,3.5,5.0,6.5,8.76,2013,02/11/2025 23:00,02/11/2025 22:00,02/11/2025 23:00,108.78299713134766,15.133000373840332
71540,Trà Khúc,Quảng Ngãi,Trà Khúc,436.0,Trên BĐ1,1.0,3.5,5.0,6.5,8.76,2013,03/11/2025 00:00,02/11/2025 23:00,03/11/2025 00:00,108.78299713134766,15.133000373840332
71540,Trà Khúc,Quảng Ngãi,Trà Khúc,436.0,Trên BĐ1,1.0,3.5,5.0,6.5,8.76,2013,03/11/2025 01:00,03/11/2025 00:00,03/11/2025 01:00,108.78299713134766,15.133000373840332
71540,Trà Khúc,Quảng Ngãi,Trà Khúc,433.0,Trên BĐ1,1.0,3.5,5.0,6.5,8.76,2013,03/11/2025 02:00,03/11/2025 01:00,03/11/2025 02:00,108.78299713134766,15.133000373840332
71540,Trà Khúc,Quảng Ngãi,Trà Khúc,428.0,Trên BĐ1,1.0,3.5,5.0,6.5,8.76,2013,03/11/2025 03:00,03/11/2025 02:00,03/11/2025 03:00,108.78299713134766,15.133000373840332
71540,Trà Khúc,Quảng Ngãi,Trà Khúc,421.0,Trên BĐ1,1.0,3.5,5.0,6.5,8.76,2013,03/11/2025 04:00,03/11/2025 03:00,03/11/2025 04:00,108.78299713134766,15.133000373840332
71540,Trà Khúc,Quảng Ngãi,Trà Khúc,411.0,Trên BĐ1,1.0,3.5,5.0,6.5,8.76,2013,03/11/2025 05:00,03/11/2025 04:00,03/11/2025 05:00,108.78299713134766,15.133000373840332
71540,Trà Khúc,Quảng Ngãi,Trà Khúc,399.0,Trên BĐ1,1.0,3.5,5.0,6.5,8.76,2013,03/11/2025 06:00,03/11/2025 05:00,03/11/2025 06:00,108.78299713134766,15.133000373840332
71540,Trà Khúc,Quảng Ngãi,Trà Khúc,387.0,Trên BĐ1,1.0,3.5,5.0,6.5,8.76,2013,03/11/2025 07:00,03/11/2025 06:00,03/11/2025 07:00,108.78299713134766,15.133000373840332
71540,Trà Khúc,Quảng Ngãi,Trà Khúc,375.0,Trên BĐ1,1.0,3.5,5.0,6.5,8.76,2013,03/11/2025 08:00,03/11/2025 07:00,03/11/2025 08:00,108.78299713134766,15.133000373840332
71540,Trà Khúc,Quảng Ngãi,Trà Khúc,363.0,Trên BĐ1,1.0,3.5,5.0,6.5,8.76,2013,03/11/2025 09:00,03/11/2025 08:00,03/11/2025 09:00,108.78299713134766,15.133000373840332
71540,Trà Khúc,Quảng Ngãi,Trà Khúc,353.0,Trên BĐ1,1.0,3.5,5.0,6.5,8.76,2013,03/11/2025 10:00,03/11/2025 09:00,03/11/2025 10:00,108.78299713134766,15.133000373840332
71540,Trà Khúc,Quảng Ngãi,Trà Khúc,346.0,Bình thường,0.0,3.5,5.0,6.5,8.76,2013,03/11/2025 11:00,03/11/2025 10:00,03/11/2025 11:00,108.78299713134766,15.133000373840332
71540,Trà Khúc,Quảng Ngãi,Trà Khúc,340.0,Bình thường,0.0,3.5,5.0,6.5,8.76,2013,03/11/2025 12:00,03/11/2025 11:00,03/11/2025 12:00,108.78299713134766,15.133000373840332
71540,Trà Khúc,Quảng Ngãi,Trà Khúc,337.0,Bình thường,0.0,3.5,5.0,6.5,8.76,2013,03/11/2025 13:00,03/11/2025 12:00,03/11/2025 13:00,108.78299713134766,15.133000373840332
71540,Trà Khúc,Quảng Ngãi,Trà Khúc,335.0,Bình thường,0.0,3.5,5.0,6.5,8.76,2013,03/11/2025 14:00,03/11/2025 13:00,03/11/2025 14:00,108.78299713134766,15.133000373840332
71540,Trà Khúc,Quảng Ngãi,Trà Khúc,335.0,Bình thường,0.0,3.5,5.0,6.5,8.76,2013,03/11/2025 15:00,03/11/2025 14:00,03/11/2025 15:00,108.78299713134766,15.133000373840332
71540,Trà Khúc,Quảng Ngãi,Trà Khúc,336.0,Bình thường,0.0,3.5,5.0,6.5,8.76,2013,03/11/2025 16:00,03/11/2025 15:00,03/11/2025 16:00,108.78299713134766,15.133000373840332
71540,Trà Khúc,Quảng Ngãi,Trà Khúc,336.0,Bình thường,0.0,3.5,5.0,6.5,8.76,2013,03/11/2025 17:00,03/11/2025 16:00,03/11/2025 17:00,108.78299713134766,15.133000373840332
71540,Trà Khúc,Quảng Ngãi,Trà Khúc,334.0,Bình thường,0.0,3.5,5.0,6.5,8.76,2013,03/11/2025 18:00,03/11/2025 17:00,03/11/2025 18:00,108.78299713134766,15.133000373840332
71540,Trà Khúc,Quảng Ngãi,Trà Khúc,328.0,Bình thường,0.0,3.5,5.0,6.5,8.76,2013,03/11/2025 19:00,03/11/2025 18:00,03/11/2025 19:00,108.78299713134766,15.133000373840332
71540,Trà Khúc,Quảng Ngãi,Trà Khúc,318.0,Bình thường,0.0,3.5,5.0,6.5,8.76,2013,03/11/2025 20:00,03/11/2025 19:00,03/11/2025 20:00,108.78299713134766,15.133000373840332
71540,Trà Khúc,Quảng Ngãi,Trà Khúc,308.0,Bình thường,0.0,3.5,5.0,6.5,8.76,2013,03/11/2025 21:00,03/11/2025 20:00,03/11/2025 21:00,108.78299713134766,15.133000373840332
71540,Trà Khúc,Quảng Ngãi,Trà Khúc,298.0,Bình thường,0.0,3.5,5.0,6.5,8.76,2013,03/11/2025 22:00,03/11/2025 21:00,03/11/2025 22:00,108.78299713134766,15.133000373840332
71540,Trà Khúc,Quảng Ngãi,Trà Khúc,289.0,Bình thường,0.0,3.5,5.0,6.5,8.76,2013,03/11/2025 23:00,03/11/2025 22:00,03/11/2025 23:00,108.78299713134766,15.133000373840332
71540,Trà Khúc,Quảng Ngãi,Trà Khúc,281.0,Bình thường,0.0,3.5,5.0,6.5,8.76,2013,04/11/2025 01:00,03/11/2025 23:00,04/11/2025 01:00,108.78299713134766,15.133000373840332
71540,Trà Khúc,Quảng Ngãi,Trà Khúc,280.0,Bình thường,0.0,3.5,5.0,6.5,8.76,2013,04/11/2025 02:00,04/11/2025 01:00,04/11/2025 02:00,108.78299713134766,15.133000373840332
71540,Trà Khúc,Quảng Ngãi,Trà Khúc,279.0,Bình thường,0.0,3.5,5.0,6.5,8.76,2013,04/11/2025 03:00,04/11/2025 02:00,04/11/2025 03:00,108.78299713134766,15.133000373840332
71540,Trà Khúc,Quảng Ngãi,Trà Khúc,279.0,Bình thường,0.0,3.5,5.0,6.5,8.76,2013,04/11/2025 04:00,04/11/2025 03:00,04/11/2025 04:00,108.78299713134766,15.133000373840332
71540,Trà Khúc,Quảng Ngãi,Trà Khúc,279.0,Bình thường,0.0,3.5,5.0,6.5,8.76,2013,04/11/2025 05:00,04/11/2025 04:00,04/11/2025 05:00,108.78299713134766,15.133000373840332
71540,Trà Khúc,Quảng Ngãi,Trà Khúc,279.0,Bình thường,0.0,3.5,5.0,6.5,8.76,2013,04/11/2025 06:00,04/11/2025 05:00,04/11/2025 06:00,108.78299713134766,15.133000373840332
71540,Trà Khúc,Quảng Ngãi,Trà Khúc,278.0,Bình thường,0.0,3.5,5.0,6.5,8.76,2013,04/11/2025 07:00,04/11/2025 06:00,04/11/2025 07:00,108.78299713134766,15.133000373840332
71540,Trà Khúc,Quảng Ngãi,Trà Khúc,277.0,Bình thường,0.0,3.5,5.0,6.5,8.76,2013,04/11/2025 08:00,04/11/2025 07:00,04/11/2025 08:00,108.78299713134766,15.133000373840332
71540,Trà Khúc,Quảng Ngãi,Trà Khúc,274.0,Bình thường,0.0,3.5,5.0,6.5,8.76,2013,04/11/2025 09:00,04/11/2025 08:00,04/11/2025 09:00,108.78299713134766,15.133000373840332
71540,Trà Khúc,Quảng Ngãi,Trà Khúc,272.0,Bình thường,0.0,3.5,5.0,6.5,8.76,2013,04/11/2025 10:00,04/11/2025 09:00,04/11/2025 10:00,108.78299713134766,15.133000373840332
71540,Trà Khúc,Quảng Ngãi,Trà Khúc,269.0,Bình thường,0.0,3.5,5.0,6.5,8.76,2013,04/11/2025 11:00,04/11/2025 10:00,04/11/2025 11:00,108.78299713134766,15.133000373840332
71540,Trà Khúc,Quảng Ngãi,Trà Khúc,265.0,Bình thường,0.0,3.5,5.0,6.5,8.76,2013,04/11/2025 12:00,04/11/2025 11:00,04/11/2025 12:00,108.78299713134766,15.133000373840332
71540,Trà Khúc,Quảng Ngãi,Trà Khúc,261.0,Bình thường,0.0,3.5,5.0,6.5,8.76,2013,04/11/2025 13:00,04/11/2025 12:00,04/11/2025 13:00,108.78299713134766,15.133000373840332
71540,Trà Khúc,Quảng Ngãi,Trà Khúc,257.0,Bình thường,0.0,3.5,5.0,6.5,8.76,2013,04/11/2025 14:00,04/11/2025 13:00,04/11/2025 14:00,108.78299713134766,15.133000373840332
71540,Trà Khúc,Quảng Ngãi,Trà Khúc,254.0,Bình thường,0.0,3.5,5.0,6.5,8.76,2013,04/11/2025 15:00,04/11/2025 14:00,04/11/2025 15:00,108.78299713134766,15.133000373840332
71540,Trà Khúc,Quảng Ngãi,Trà Khúc,250.0,Bình thường,0.0,3.5,5.0,6.5,8.76,2013,04/11/2025 16:00,04/11/2025 15:00,04/11/2025 16:00,108.78299713134766,15.133000373840332
71540,Trà Khúc,Quảng Ngãi,Trà Khúc,246.0,Bình thường,0.0,3.5,5.0,6.5,8.76,2013,04/11/2025 17:00,04/11/2025 16:00,04/11/2025 17:00,108.78299713134766,15.133000373840332
71540,Trà Khúc,Quảng Ngãi,Trà Khúc,243.0,Bình thường,0.0,3.5,5.0,6.5,8.76,2013,04/11/2025 18:00,04/11/2025 17:00,04/11/2025 18:00,108.78299713134766,15.133000373840332
71540,Trà Khúc,Quảng Ngãi,Trà Khúc,240.0,Bình thường,0.0,3.5,5.0,6.5,8.76,2013,04/11/2025 19:00,04/11/2025 18:00,04/11/2025 19:00,108.78299713134766,15.133000373840332
71540,Trà Khúc,Quảng Ngãi,Trà Khúc,240.0,Bình thường,0.0,3.5,5.0,6.5,8.76,2013,04/11/2025 20:00,04/11/2025 19:00,04/11/2025 20:00,108.78299713134766,15.133000373840332
71540,Trà Khúc,Quảng Ngãi,Trà Khúc,239.0,Bình thường,0.0,3.5,5.0,6.5,8.76,2013,04/11/2025 21:00,04/11/2025 20:00,04/11/2025 21:00,108.78299713134766,15.133000373840332
71540,Trà Khúc,Quảng Ngãi,Trà Khúc,241.0,Bình thường,0.0,3.5,5.0,6.5,8.76,2013,04/11/2025 22:00,04/11/2025 21:00,04/11/2025 22:00,108.78299713134766,15.133000373840332
71540,Trà Khúc,Quảng Ngãi,Trà Khúc,241.0,Bình thường,0.0,3.5,5.0,6.5,8.76,2013,04/11/2025 23:00,04/11/2025 22:00,04/11/2025 23:00,108.78299713134766,15.133000373840332
71540,Trà Khúc,Quảng Ngãi,Trà Khúc,240.0,Bình thường,0.0,3.5,5.0,6.5,8.76,2013,05/11/2025 00:00,04/11/2025 23:00,05/11/2025 00:00,108.78299713134766,15.133000373840332
71540,Trà Khúc,Quảng Ngãi,Trà Khúc,240.0,Bình thường,0.0,3.5,5.0,6.5,8.76,2013,05/11/2025 01:00,05/11/2025 00:00,05/11/2025 01:00,108.78299713134766,15.133000373840332
71540,Trà Khúc,Quảng Ngãi,Trà Khúc,239.0,Bình thường,0.0,3.5,5.0,6.5,8.76,2013,05/11/2025 02:00,05/11/2025 01:00,05/11/2025 02:00,108.78299713134766,15.133000373840332
71540,Trà Khúc,Quảng Ngãi,Trà Khúc,240.0,Bình thường,0.0,3.5,5.0,6.5,8.76,2013,05/11/2025 03:00,05/11/2025 02:00,05/11/2025 03:00,108.78299713134766,15.133000373840332
71540,Trà Khúc,Quảng Ngãi,Trà Khúc,240.0,Bình thường,0.0,3.5,5.0,6.5,8.76,2013,05/11/2025 04:00,05/11/2025 03:00,05/11/2025 04:00,108.78299713134766,15.133000373840332
71540,Trà Khúc,Quảng Ngãi,Trà Khúc,239.0,Bình thường,0.0,3.5,5.0,6.5,8.76,2013,05/11/2025 05:00,05/11/2025 04:00,05/11/2025 05:00,108.78299713134766,15.133000373840332
71540,Trà Khúc,Quảng Ngãi,Trà Khúc,238.0,Bình thường,0.0,3.5,5.0,6.5,8.76,2013,05/11/2025 06:00,05/11/2025 05:00,05/11/2025 06:00,108.78299713134766,15.133000373840332
71540,Trà Khúc,Quảng Ngãi,Trà Khúc,238.0,Bình thường,0.0,3.5,5.0,6.5,8.76,2013,05/11/2025 07:00,05/11/2025 06:00,05/11/2025 07:00,108.78299713134766,15.133000373840332
71540,Trà Khúc,Quảng Ngãi,Trà Khúc,238.0,Bình thường,0.0,3.5,5.0,6.5,8.76,2013,05/11/2025 08:00,05/11/2025 07:00,05/11/2025 08:00,108.78299713134766,15.133000373840332
71540,Trà Khúc,Quảng Ngãi,Trà Khúc,237.0,Bình thường,0.0,3.5,5.0,6.5,8.76,2013,05/11/2025 09:00,05/11/2025 08:00,05/11/2025 09:00,108.78299713134766,15.133000373840332
71540,Trà Khúc,Quảng Ngãi,Trà Khúc,236.0,Bình thường,0.0,3.5,5.0,6.5,8.76,2013,05/11/2025 10:00,05/11/2025 09:00,05/11/2025 10:00,108.78299713134766,15.133000373840332
71540,Trà Khúc,Quảng Ngãi,Trà Khúc,236.0,Bình thường,0.0,3.5,5.0,6.5,8.76,2013,05/11/2025 11:00,05/11/2025 10:00,05/11/2025 11:00,108.78299713134766,15.133000373840332
71540,Trà Khúc,Quảng Ngãi,Trà Khúc,234.0,Bình thường,0.0,3.5,5.0,6.5,8.76,2013,05/11/2025 12:00,05/11/2025 11:00,05/11/2025 12:00,108.78299713134766,15.133000373840332
71540,Trà Khúc,Quảng Ngãi,Trà Khúc,232.0,Bình thường,0.0,3.5,5.0,6.5,8.76,2013,05/11/2025 13:00,05/11/2025 12:00,05/11/2025 13:00,108.78299713134766,15.133000373840332
71540,Trà Khúc,Quảng Ngãi,Trà Khúc,229.0,Bình thường,0.0,3.5,5.0,6.5,8.76,2013,05/11/2025 14:00,05/11/2025 13:00,05/11/2025 14:00,108.78299713134766,15.133000373840332
71540,Trà Khúc,Quảng Ngãi,Trà Khúc,228.0,Bình thường,0.0,3.5,5.0,6.5,8.76,2013,05/11/2025 15:00,05/11/2025 14:00,05/11/2025 15:00,108.78299713134766,15.133000373840332
71540,Trà Khúc,Quảng Ngãi,Trà Khúc,225.0,Bình thường,0.0,3.5,5.0,6.5,8.76,2013,05/11/2025 16:00,05/11/2025 15:00,05/11/2025 16:00,108.78299713134766,15.133000373840332
71540,Trà Khúc,Quảng Ngãi,Trà Khúc,221.0,Bình thường,0.0,3.5,5.0,6.5,8.76,2013,05/11/2025 17:00,05/11/2025 16:00,05/11/2025 17:00,108.78299713134766,15.133000373840332
71540,Trà Khúc,Quảng Ngãi,Trà Khúc,217.0,Bình thường,0.0,3.5,5.0,6.5,8.76,2013,05/11/2025 18:00,05/11/2025 17:00,05/11/2025 18:00,108.78299713134766,15.133000373840332
71540,Trà Khúc,Quảng Ngãi,Trà Khúc,215.0,Bình thường,0.0,3.5,5.0,6.5,8.76,2013,05/11/2025 19:00,05/11/2025 18:00,05/11/2025 19:00,108.78299713134766,15.133000373840332
71540,Trà Khúc,Quảng Ngãi,Trà Khúc,213.0,Bình thường,0.0,3.5,5.0,6.5,8.76,2013,05/11/2025 20:00,05/11/2025 19:00,05/11/2025 20:00,108.78299713134766,15.133000373840332
71540,Trà Khúc,Quảng Ngãi,Trà Khúc,212.0,Bình thường,0.0,3.5,5.0,6.5,8.76,2013,05/11/2025 21:00,05/11/2025 20:00,05/11/2025 21:00,108.78299713134766,15.133000373840332
71540,Trà Khúc,Quảng Ngãi,Trà Khúc,212.0,Bình thường,0.0,3.5,5.0,6.5,8.76,2013,05/11/2025 22:00,05/11/2025 21:00,05/11/2025 22:00,108.78299713134766,15.133000373840332
71540,Trà Khúc,Quảng Ngãi,Trà Khúc,210.0,Bình thường,0.0,3.5,5.0,6.5,8.76,2013,05/11/2025 23:00,05/11/2025 22:00,05/11/2025 23:00,108.78299713134766,15.133000373840332
71540,Trà Khúc,Quảng Ngãi,Trà Khúc,209.0,Bình thường,0.0,3.5,5.0,6.5,8.76,2013,06/11/2025 00:00,05/11/2025 23:00,06/11/2025 00:00,108.78299713134766,15.133000373840332
71540,Trà Khúc,Quảng Ngãi,Trà Khúc,208.0,Bình thường,0.0,3.5,5.0,6.5,8.76,2013,06/11/2025 01:00,06/11/2025 00:00,06/11/2025 01:00,108.78299713134766,15.133000373840332
71540,Trà Khúc,Quảng Ngãi,Trà Khúc,207.0,Bình thường,0.0,3.5,5.0,6.5,8.76,2013,06/11/2025 02:00,06/11/2025 01:00,06/11/2025 02:00,108.78299713134766,15.133000373840332
71540,Trà Khúc,Quảng Ngãi,Trà Khúc,206.0,Bình thường,0.0,3.5,5.0,6.5,8.76,2013,06/11/2025 03:00,06/11/2025 02:00,06/11/2025 03:00,108.78299713134766,15.133000373840332
71540,Trà Khúc,Quảng Ngãi,Trà Khúc,205.0,Bình thường,0.0,3.5,5.0,6.5,8.76,2013,06/11/2025 04:00,06/11/2025 03:00,06/11/2025 04:00,108.78299713134766,15.133000373840332
71540,Trà Khúc,Quảng Ngãi,Trà Khúc,202.0,Bình thường,0.0,3.5,5.0,6.5,8.76,2013,06/11/2025 05:00,06/11/2025 04:00,06/11/2025 05:00,108.78299713134766,15.133000373840332
71540,Trà Khúc,Quảng Ngãi,Trà Khúc,201.0,Bình thường,0.0,3.5,5.0,6.5,8.76,2013,06/11/2025 06:00,06/11/2025 05:00,06/11/2025 06:00,108.78299713134766,15.133000373840332
71540,Trà Khúc,Quảng Ngãi,Trà Khúc,200.0,Bình thường,0.0,3.5,5.0,6.5,8.76,2013,06/11/2025 07:00,06/11/2025 06:00,06/11/2025 07:00,108.78299713134766,15.133000373840332
71540,Trà Khúc,Quảng Ngãi,Trà Khúc,198.0,Bình thường,0.0,3.5,5.0,6.5,8.76,2013,06/11/2025 08:00,06/11/2025 07:00,06/11/2025 08:00,108.78299713134766,15.133000373840332
71540,Trà Khúc,Quảng Ngãi,Trà Khúc,197.0,Bình thường,0.0,3.5,5.0,6.5,8.76,2013,06/11/2025 09:00,06/11/2025 08:00,06/11/2025 09:00,108.78299713134766,15.133000373840332
71540,Trà Khúc,Quảng Ngãi,Trà Khúc,196.0,Bình thường,0.0,3.5,5.0,6.5,8.76,2013,06/11/2025 10:00,06/11/2025 09:00,06/11/2025 10:00,108.78299713134766,15.133000373840332
71540,Trà Khúc,Quảng Ngãi,Trà Khúc,194.0,Bình thường,0.0,3.5,5.0,6.5,8.76,2013,06/11/2025 11:00,06/11/2025 10:00,06/11/2025 11:00,108.78299713134766,15.133000373840332
71540,Trà Khúc,Quảng Ngãi,Trà Khúc,190.0,Bình thường,0.0,3.5,5.0,6.5,8.76,2013,06/11/2025 12:00,06/11/2025 11:00,06/11/2025 12:00,108.78299713134766,15.133000373840332
71540,Trà Khúc,Quảng Ngãi,Trà Khúc,193.0,Bình thường,0.0,3.5,5.0,6.5,8.76,2013,06/11/2025 14:00,06/11/2025 12:00,06/11/2025 14:00,108.78299713134766,15.133000373840332
71540,Trà Khúc,Quảng Ngãi,Trà Khúc,192.0,Bình thường,0.0,3.5,5.0,6.5,8.76,2013,06/11/2025 15:00,06/11/2025 14:00,06/11/2025 15:00,108.78299713134766,15.133000373840332
71540,Trà Khúc,Quảng Ngãi,Trà Khúc,195.0,Bình thường,0.0,3.5,5.0,6.5,8.76,2013,06/11/2025 16:00,06/11/2025 15:00,06/11/2025 16:00,108.78299713134766,15.133000373840332
71540,Trà Khúc,Quảng Ngãi,Trà Khúc,195.0,Bình thường,0.0,3.5,5.0,6.5,8.76,2013,06/11/2025 17:00,06/11/2025 16:00,06/11/2025 17:00,108.78299713134766,15.133000373840332
71540,Trà Khúc,Quảng Ngãi,Trà Khúc,205.0,Bình thường,0.0,3.5,5.0,6.5,8.76,2013,06/11/2025 18:00,06/11/2025 17:00,06/11/2025 18:00,108.78299713134766,15.133000373840332
71540,Trà Khúc,Quảng Ngãi,Trà Khúc,214.0,Bình thường,0.0,3.5,5.0,6.5,8.76,2013,06/11/2025 19:00,06/11/2025 18:00,06/11/2025 19:00,108.78299713134766,15.133000373840332
71540,Trà Khúc,Quảng Ngãi,Trà Khúc,233.0,Bình thường,0.0,3.5,5.0,6.5,8.76,2013,06/11/2025 20:00,06/11/2025 19:00,06/11/2025 20:00,108.78299713134766,15.133000373840332
71540,Trà Khúc,Quảng Ngãi,Trà Khúc,246.0,Bình thường,0.0,3.5,5.0,6.5,8.76,2013,06/11/2025 21:00,06/11/2025 20:00,06/11/2025 21:00,108.78299713134766,15.133000373840332
71540,Trà Khúc,Quảng Ngãi,Trà Khúc,266.0,Bình thường,0.0,3.5,5.0,6.5,8.76,2013,06/11/2025 22:00,06/11/2025 21:00,06/11/2025 22:00,108.78299713134766,15.133000373840332
71540,Trà Khúc,Quảng Ngãi,Trà Khúc,328.0,Bình thường,0.0,3.5,5.0,6.5,8.76,2013,06/11/2025 23:00,06/11/2025 22:00,06/11/2025 23:00,108.78299713134766,15.133000373840332
71540,Trà Khúc,Quảng Ngãi,Trà Khúc,410.0,Trên BĐ1,1.0,3.5,5.0,6.5,8.76,2013,07/11/2025 00:00,06/11/2025 23:00,07/11/2025 00:00,108.78299713134766,15.133000373840332
71540,Trà Khúc,Quảng Ngãi,Trà Khúc,471.0,Trên BĐ1,1.0,3.5,5.0,6.5,8.76,2013,07/11/2025 01:00,07/11/2025 00:00,07/11/2025 01:00,108.78299713134766,15.133000373840332
71540,Trà Khúc,Quảng Ngãi,Trà Khúc,508.0,Trên BĐ2,2.0,3.5,5.0,6.5,8.76,2013,07/11/2025 02:00,07/11/2025 01:00,07/11/2025 02:00,108.78299713134766,15.133000373840332
71540,Trà Khúc,Quảng Ngãi,Trà Khúc,525.0,Trên BĐ2,2.0,3.5,5.0,6.5,8.76,2013,07/11/2025 03:00,07/11/2025 02:00,07/11/2025 03:00,108.78299713134766,15.133000373840332
71540,Trà Khúc,Quảng Ngãi,Trà Khúc,527.0,Trên BĐ2,2.0,3.5,5.0,6.5,8.76,2013,07/11/2025 04:00,07/11/2025 03:00,07/11/2025 04:00,108.78299713134766,15.133000373840332
71540,Trà Khúc,Quảng Ngãi,Trà Khúc,518.0,Trên BĐ2,2.0,3.5,5.0,6.5,8.76,2013,07/11/2025 05:00,07/11/2025 04:00,07/11/2025 05:00,108.78299713134766,15.133000373840332
71540,Trà Khúc,Quảng Ngãi,Trà Khúc,499.0,Trên BĐ1,1.0,3.5,5.0,6.5,8.76,2013,07/11/2025 06:00,07/11/2025 05:00,07/11/2025 06:00,108.78299713134766,15.133000373840332
71540,Trà Khúc,Quảng Ngãi,Trà Khúc,473.0,Trên BĐ1,1.0,3.5,5.0,6.5,8.76,2013,07/11/2025 07:00,07/11/2025 06:00,07/11/2025 07:00,108.78299713134766,15.133000373840332
71540,Trà Khúc,Quảng Ngãi,Trà Khúc,443.0,Trên BĐ1,1.0,3.5,5.0,6.5,8.76,2013,07/11/2025 08:00,07/11/2025 07:00,07/11/2025 08:00,108.78299713134766,15.133000373840332
71540,Trà Khúc,Quảng Ngãi,Trà Khúc,339.0,Bình thường,0.0,3.5,5.0,6.5,8.76,2013,31/10/2025 01:00,31/10/2025 01:00,31/10/2025 01:00,108.78299713134766,15.133000373840332
71540,Trà Khúc,Quảng Ngãi,Trà Khúc,335.0,Bình thường,0.0,3.5,5.0,6.5,8.76,2013,31/10/2025 02:00,31/10/2025 01:00,31/10/2025 02:00,108.78299713134766,15.133000373840332
71540,Trà Khúc,Quảng Ngãi,Trà Khúc,332.0,Bình thường,0.0,3.5,5.0,6.5,8.76,2013,31/10/2025 03:00,31/10/2025 02:00,31/10/2025 03:00,108.78299713134766,15.133000373840332
71540,Trà Khúc,Quảng Ngãi,Trà Khúc,330.0,Bình thường,0.0,3.5,5.0,6.5,8.76,2013,31/10/2025 04:00,31/10/2025 03:00,31/10/2025 04:00,108.78299713134766,15.133000373840332
71540,Trà Khúc,Quảng Ngãi,Trà Khúc,330.0,Bình thường,0.0,3.5,5.0,6.5,8.76,2013,31/10/2025 05:00,31/10/2025 04:00,31/10/2025 05:00,108.78299713134766,15.133000373840332
71540,Trà Khúc,Quảng Ngãi,Trà Khúc,331.0,Bình thường,0.0,3.5,5.0,6.5,8.76,2013,31/10/2025 06:00,31/10/2025 05:00,31/10/2025 06:00,108.78299713134766,15.133000373840332
71540,Trà Khúc,Quảng Ngãi,Trà Khúc,334.0,Bình thường,0.0,3.5,5.0,6.5,8.76,2013,31/10/2025 07:00,31/10/2025 06:00,31/10/2025 07:00,108.78299713134766,15.133000373840332
71540,Trà Khúc,Quảng Ngãi,Trà Khúc,337.0,Bình thường,0.0,3.5,5.0,6.5,8.76,2013,31/10/2025 08:00,31/10/2025 07:00,31/10/2025 08:00,108.78299713134766,15.133000373840332
71540,Trà Khúc,Quảng Ngãi,Trà Khúc,338.0,Bình thường,0.0,3.5,5.0,6.5,8.76,2013,31/10/2025 09:00,31/10/2025 08:00,31/10/2025 09:00,108.78299713134766,15.133000373840332
71540,Trà Khúc,Quảng Ngãi,Trà Khúc,339.0,Bình thường,0.0,3.5,5.0,6.5,8.76,2013,31/10/2025 10:00,31/10/2025 09:00,31/10/2025 10:00,108.78299713134766,15.133000373840332
71540,Trà Khúc,Quảng Ngãi,Trà Khúc,338.0,Bình thường,0.0,3.5,5.0,6.5,8.76,2013,31/10/2025 11:00,31/10/2025 10:00,31/10/2025 11:00,108.78299713134766,15.133000373840332
71540,Trà Khúc,Quảng Ngãi,Trà Khúc,337.0,Bình thường,0.0,3.5,5.0,6.5,8.76,2013,31/10/2025 12:00,31/10/2025 11:00,31/10/2025 12:00,108.78299713134766,15.133000373840332
71540,Trà Khúc,Quảng Ngãi,Trà Khúc,333.0,Bình thường,0.0,3.5,5.0,6.5,8.76,2013,31/10/2025 13:00,31/10/2025 12:00,31/10/2025 13:00,108.78299713134766,15.133000373840332
71540,Trà Khúc,Quảng Ngãi,Trà Khúc,332.0,Bình thường,0.0,3.5,5.0,6.5,8.76,2013,31/10/2025 14:00,31/10/2025 13:00,31/10/2025 14:00,108.78299713134766,15.133000373840332
71540,Trà Khúc,Quảng Ngãi,Trà Khúc,331.0,Bình thường,0.0,3.5,5.0,6.5,8.76,2013,31/10/2025 15:00,31/10/2025 14:00,31/10/2025 15:00,108.78299713134766,15.133000373840332
71540,Trà Khúc,Quảng Ngãi,Trà Khúc,333.0,Bình thường,0.0,3.5,5.0,6.5,8.76,2013,31/10/2025 16:00,31/10/2025 15:00,31/10/2025 16:00,108.78299713134766,15.133000373840332
71540,Trà Khúc,Quảng Ngãi,Trà Khúc,336.0,Bình thường,0.0,3.5,5.0,6.5,8.76,2013,31/10/2025 17:00,31/10/2025 16:00,31/10/2025 17:00,108.78299713134766,15.133000373840332
71540,Trà Khúc,Quảng Ngãi,Trà Khúc,341.0,Bình thường,0.0,3.5,5.0,6.5,8.76,2013,31/10/2025 18:00,31/10/2025 17:00,31/10/2025 18:00,108.78299713134766,15.133000373840332
71540,Trà Khúc,Quảng Ngãi,Trà Khúc,345.0,Bình thường,0.0,3.5,5.0,6.5,8.76,2013,31/10/2025 19:00,31/10/2025 18:00,31/10/2025 19:00,108.78299713134766,15.133000373840332
71540,Trà Khúc,Quảng Ngãi,Trà Khúc,348.0,Bình thường,0.0,3.5,5.0,6.5,8.76,2013,31/10/2025 20:00,31/10/2025 19:00,31/10/2025 20:00,108.78299713134766,15.133000373840332
71540,Trà Khúc,Quảng Ngãi,Trà Khúc,352.0,Trên BĐ1,1.0,3.5,5.0,6.5,8.76,2013,31/10/2025 21:00,31/10/2025 20:00,31/10/2025 21:00,108.78299713134766,15.133000373840332
71540,Trà Khúc,Quảng Ngãi,Trà Khúc,354.0,Trên BĐ1,1.0,3.5,5.0,6.5,8.76,2013,31/10/2025 22:00,31/10/2025 21:00,31/10/2025 22:00,108.78299713134766,15.133000373840332
71540,Trà Khúc,Quảng Ngãi,Trà Khúc,356.0,Trên BĐ1,1.0,3.5,5.0,6.5,8.76,2013,31/10/2025 23:00,31/10/2025 22:00,31/10/2025 23:00,108.78299713134766,15.133000373840332
71540,Trà Khúc,Quảng Ngãi,Trà Khúc,365.0,Trên BĐ1,1.0,3.5,5.0,6.5,8.76,2013,01/11/2025 00:00,31/10/2025 23:00,01/11/2025 00:00,108.78299713134766,15.133000373840332
71549,Bình Nghi,Gia Lai,Kôn,1359.0,Bình thường,0.0,15.5,16.5,17.5,19.35,2013,01/11/2025 04:00,01/11/2025 01:00,01/11/2025 04:00,108.86917114257812,13.939471244812012
71549,Bình Nghi,Gia Lai,Kôn,1350.0,Bình thường,0.0,15.5,16.5,17.5,19.35,2013,01/11/2025 07:00,01/11/2025 04:00,01/11/2025 07:00,108.86917114257812,13.939471244812012
71549,Bình Nghi,Gia Lai,Kôn,1345.0,Bình thường,0.0,15.5,16.5,17.5,19.35,2013,01/11/2025 10:00,01/11/2025 07:00,01/11/2025 10:00,108.86917114257812,13.939471244812012
71549,Bình Nghi,Gia Lai,Kôn,1339.0,Bình thường,0.0,15.5,16.5,17.5,19.35,2013,01/11/2025 13:00,01/11/2025 10:00,01/11/2025 13:00,108.86917114257812,13.939471244812012
71549,Bình Nghi,Gia Lai,Kôn,1330.0,Bình thường,0.0,15.5,16.5,17.5,19.35,2013,01/11/2025 16:00,01/11/2025 13:00,01/11/2025 16:00,108.86917114257812,13.939471244812012
71549,Bình Nghi,Gia Lai,Kôn,1341.0,Bình thường,0.0,15.5,16.5,17.5,19.35,2013,01/11/2025 19:00,01/11/2025 16:00,01/11/2025 19:00,108.86917114257812,13.939471244812012
71549,Bình Nghi,Gia Lai,Kôn,1320.0,Bình thường,0.0,15.5,16.5,17.5,19.35,2013,02/11/2025 01:00,01/11/2025 19:00,02/11/2025 01:00,108.86917114257812,13.939471244812012
71549,Bình Nghi,Gia Lai,Kôn,1316.0,Bình thường,0.0,15.5,16.5,17.5,19.35,2013,02/11/2025 04:00,02/11/2025 01:00,02/11/2025 04:00,108.86917114257812,13.939471244812012
71549,Bình Nghi,Gia Lai,Kôn,1314.0,Bình thường,0.0,15.5,16.5,17.5,19.35,2013,02/11/2025 07:00,02/11/2025 04:00,02/11/2025 07:00,108.86917114257812,13.939471244812012
71549,Bình Nghi,Gia Lai,Kôn,1320.0,Bình thường,0.0,15.5,16.5,17.5,19.35,2013,02/11/2025 10:00,02/11/2025 07:00,02/11/2025 10:00,108.86917114257812,13.939471244812012
71549,Bình Nghi,Gia Lai,Kôn,1335.0,Bình thường,0.0,15.5,16.5,17.5,19.35,2013,02/11/2025 13:00,02/11/2025 10:00,02/11/2025 13:00,108.86917114257812,13.939471244812012
71549,Bình Nghi,Gia Lai,Kôn,1357.0,Bình thường,0.0,15.5,16.5,17.5,19.35,2013,02/11/2025 16:00,02/11/2025 13:00,02/11/2025 16:00,108.86917114257812,13.939471244812012
71549,Bình Nghi,Gia Lai,Kôn,1347.0,Bình thường,0.0,15.5,16.5,17.5,19.35,2013,02/11/2025 19:00,02/11/2025 16:00,02/11/2025 19:00,108.86917114257812,13.939471244812012
71549,Bình Nghi,Gia Lai,Kôn,1342.0,Bình thường,0.0,15.5,16.5,17.5,19.35,2013,03/11/2025 01:00,02/11/2025 19:00,03/11/2025 01:00,108.86917114257812,13.939471244812012
71549,Bình Nghi,Gia Lai,Kôn,1340.0,Bình thường,0.0,15.5,16.5,17.5,19.35,2013,03/11/2025 04:00,03/11/2025 01:00,03/11/2025 04:00,108.86917114257812,13.939471244812012
71549,Bình Nghi,Gia Lai,Kôn,1330.0,Bình thường,0.0,15.5,16.5,17.5,19.35,2013,03/11/2025 07:00,03/11/2025 04:00,03/11/2025 07:00,108.86917114257812,13.939471244812012
71549,Bình Nghi,Gia Lai,Kôn,1320.0,Bình thường,0.0,15.5,16.5,17.5,19.35,2013,03/11/2025 10:00,03/11/2025 07:00,03/11/2025 10:00,108.86917114257812,13.939471244812012
71549,Bình Nghi,Gia Lai,Kôn,1319.0,Bình thường,0.0,15.5,16.5,17.5,19.35,2013,03/11/2025 13:00,03/11/2025 10:00,03/11/2025 13:00,108.86917114257812,13.939471244812012
71549,Bình Nghi,Gia Lai,Kôn,1319.0,Bình thường,0.0,15.5,16.5,17.5,19.35,2013,03/11/2025 16:00,03/11/2025 13:00,03/11/2025 16:00,108.86917114257812,13.939471244812012
71549,Bình Nghi,Gia Lai,Kôn,1320.0,Bình thường,0.0,15.5,16.5,17.5,19.35,2013,03/11/2025 19:00,03/11/2025 16:00,03/11/2025 19:00,108.86917114257812,13.939471244812012
71549,Bình Nghi,Gia Lai,Kôn,1321.0,Bình thường,0.0,15.5,16.5,17.5,19.35,2013,04/11/2025 01:00,03/11/2025 19:00,04/11/2025 01:00,108.86917114257812,13.939471244812012
71549,Bình Nghi,Gia Lai,Kôn,1320.0,Bình thường,0.0,15.5,16.5,17.5,19.35,2013,04/11/2025 07:00,04/11/2025 01:00,04/11/2025 07:00,108.86917114257812,13.939471244812012
71549,Bình Nghi,Gia Lai,Kôn,1314.0,Bình thường,0.0,15.5,16.5,17.5,19.35,2013,04/11/2025 13:00,04/11/2025 07:00,04/11/2025 13:00,108.86917114257812,13.939471244812012
71549,Bình Nghi,Gia Lai,Kôn,1344.0,Bình thường,0.0,15.5,16.5,17.5,19.35,2013,04/11/2025 19:00,04/11/2025 13:00,04/11/2025 19:00,108.86917114257812,13.939471244812012
71549,Bình Nghi,Gia Lai,Kôn,1369.0,Bình thường,0.0,15.5,16.5,17.5,19.35,2013,05/11/2025 01:00,04/11/2025 19:00,05/11/2025 01:00,108.86917114257812,13.939471244812012
71549,Bình Nghi,Gia Lai,Kôn,1360.0,Bình thường,0.0,15.5,16.5,17.5,19.35,2013,05/11/2025 07:00,05/11/2025 01:00,05/11/2025 07:00,108.86917114257812,13.939471244812012
71549,Bình Nghi,Gia Lai,Kôn,1330.0,Bình thường,0.0,15.5,16.5,17.5,19.35,2013,05/11/2025 13:00,05/11/2025 07:00,05/11/2025 13:00,108.86917114257812,13.939471244812012
71549,Bình Nghi,Gia Lai,Kôn,1320.0,Bình thường,0.0,15.5,16.5,17.5,19.35,2013,05/11/2025 19:00,05/11/2025 13:00,05/11/2025 19:00,108.86917114257812,13.939471244812012
71549,Bình Nghi,Gia Lai,Kôn,1317.0,Bình thường,0.0,15.5,16.5,17.5,19.35,2013,06/11/2025 01:00,05/11/2025 19:00,06/11/2025 01:00,108.86917114257812,13.939471244812012
71549,Bình Nghi,Gia Lai,Kôn,1312.0,Bình thường,0.0,15.5,16.5,17.5,19.35,2013,06/11/2025 07:00,06/11/2025 01:00,06/11/2025 07:00,108.86917114257812,13.939471244812012
71549,Bình Nghi,Gia Lai,Kôn,1307.0,Bình thường,0.0,15.5,16.5,17.5,19.35,2013,06/11/2025 13:00,06/11/2025 07:00,06/11/2025 13:00,108.86917114257812,13.939471244812012
71549,Bình Nghi,Gia Lai,Kôn,1330.0,Bình thường,0.0,15.5,16.5,17.5,19.35,2013,06/11/2025 19:00,06/11/2025 13:00,06/11/2025 19:00,108.86917114257812,13.939471244812012
71549,Bình Nghi,Gia Lai,Kôn,1375.0,Bình thường,0.0,15.5,16.5,17.5,19.35,2013,06/11/2025 21:00,06/11/2025 19:00,06/11/2025 21:00,108.86917114257812,13.939471244812012
71549,Bình Nghi,Gia Lai,Kôn,1400.0,Bình thường,0.0,15.5,16.5,17.5,19.35,2013,06/11/2025 22:00,06/11/2025 21:00,06/11/2025 22:00,108.86917114257812,13.939471244812012
71549,Bình Nghi,Gia Lai,Kôn,1430.0,Bình thường,0.0,15.5,16.5,17.5,19.35,2013,06/11/2025 23:00,06/11/2025 22:00,06/11/2025 23:00,108.86917114257812,13.939471244812012
71549,Bình Nghi,Gia Lai,Kôn,1474.0,Bình thường,0.0,15.5,16.5,17.5,19.35,2013,07/11/2025 01:00,06/11/2025 23:00,07/11/2025 01:00,108.86917114257812,13.939471244812012
71549,Bình Nghi,Gia Lai,Kôn,1507.0,Bình thường,0.0,15.5,16.5,17.5,19.35,2013,07/11/2025 03:00,07/11/2025 01:00,07/11/2025 03:00,108.86917114257812,13.939471244812012
71549,Bình Nghi,Gia Lai,Kôn,1480.0,Bình thường,0.0,15.5,16.5,17.5,19.35,2013,07/11/2025 05:00,07/11/2025 03:00,07/11/2025 05:00,108.86917114257812,13.939471244812012
71549,Bình Nghi,Gia Lai,Kôn,1465.0,Bình thường,0.0,15.5,16.5,17.5,19.35,2013,07/11/2025 07:00,07/11/2025 05:00,07/11/2025 07:00,108.86917114257812,13.939471244812012
71549,Bình Nghi,Gia Lai,Kôn,,Không có dữ liệu,,15.5,16.5,17.5,19.35,2013,07/11/2025 08:00,07/11/2025 07:00,07/11/2025 08:00,108.86917114257812,13.939471244812012
71549,Bình Nghi,Gia Lai,Kôn,1377.0,Bình thường,0.0,15.5,16.5,17.5,19.35,2013,31/10/2025 01:00,31/10/2025 01:00,31/10/2025 01:00,108.86917114257812,13.939471244812012
71549,Bình Nghi,Gia Lai,Kôn,1356.0,Bình thường,0.0,15.5,16.5,17.5,19.35,2013,31/10/2025 04:00,31/10/2025 01:00,31/10/2025 04:00,108.86917114257812,13.939471244812012
71549,Bình Nghi,Gia Lai,Kôn,1340.0,Bình thường,0.0,15.5,16.5,17.5,19.35,2013,31/10/2025 07:00,31/10/2025 04:00,31/10/2025 07:00,108.86917114257812,13.939471244812012
71549,Bình Nghi,Gia Lai,Kôn,1370.0,Bình thường,0.0,15.5,16.5,17.5,19.35,2013,31/10/2025 09:00,31/10/2025 07:00,31/10/2025 09:00,108.86917114257812,13.939471244812012
71549,Bình Nghi,Gia Lai,Kôn,1404.0,Bình thường,0.0,15.5,16.5,17.5,19.35,2013,31/10/2025 11:00,31/10/2025 09:00,31/10/2025 11:00,108.86917114257812,13.939471244812012
71549,Bình Nghi,Gia Lai,Kôn,1440.0,Bình thường,0.0,15.5,16.5,17.5,19.35,2013,31/10/2025 13:00,31/10/2025 11:00,31/10/2025 13:00,108.86917114257812,13.939471244812012
71549,Bình Nghi,Gia Lai,Kôn,1462.0,Bình thường,0.0,15.5,16.5,17.5,19.35,2013,31/10/2025 15:00,31/10/2025 13:00,31/10/2025 15:00,108.86917114257812,13.939471244812012
71549,Bình Nghi,Gia Lai,Kôn,1437.0,Bình thường,0.0,15.5,16.5,17.5,19.35,2013,31/10/2025 17:00,31/10/2025 15:00,31/10/2025 17:00,108.86917114257812,13.939471244812012
71549,Bình Nghi,Gia Lai,Kôn,1400.0,Bình thường,0.0,15.5,16.5,17.5,19.35,2013,31/10/2025 19:00,31/10/2025 17:00,31/10/2025 19:00,108.86917114257812,13.939471244812012
71549,Bình Nghi,Gia Lai,Kôn,1370.0,Bình thường,0.0,15.5,16.5,17.5,19.35,2013,01/11/2025 01:00,31/10/2025 19:00,01/11/2025 01:00,108.86917114257812,13.939471244812012
71558,Củng Sơn,Đắk Lắk,Đà Rằng,2883.0,Bình thường,0.0,29.5,32.0,34.5,39.9,1993,01/11/2025 04:00,01/11/2025 01:00,01/11/2025 04:00,108.98300170898438,13.041999816894531
71558,Củng Sơn,Đắk Lắk,Đà Rằng,2893.0,Bình thường,0.0,29.5,32.0,34.5,39.9,1993,01/11/2025 07:00,01/11/2025 04:00,01/11/2025 07:00,108.98300170898438,13.041999816894531
71558,Củng Sơn,Đắk Lắk,Đà Rằng,2890.0,Bình thường,0.0,29.5,32.0,34.5,39.9,1993,01/11/2025 10:00,01/11/2025 07:00,01/11/2025 10:00,108.98300170898438,13.041999816894531
71558,Củng Sơn,Đắk Lắk,Đà Rằng,2889.0,Bình thường,0.0,29.5,32.0,34.5,39.9,1993,01/11/2025 13:00,01/11/2025 10:00,01/11/2025 13:00,108.98300170898438,13.041999816894531
71558,Củng Sơn,Đắk Lắk,Đà Rằng,2889.0,Bình thường,0.0,29.5,32.0,34.5,39.9,1993,01/11/2025 16:00,01/11/2025 13:00,01/11/2025 16:00,108.98300170898438,13.041999816894531
71558,Củng Sơn,Đắk Lắk,Đà Rằng,2894.0,Bình thường,0.0,29.5,32.0,34.5,39.9,1993,01/11/2025 19:00,01/11/2025 16:00,01/11/2025 19:00,108.98300170898438,13.041999816894531
71558,Củng Sơn,Đắk Lắk,Đà Rằng,2894.0,Bình thường,0.0,29.5,32.0,34.5,39.9,1993,02/11/2025 01:00,01/11/2025 19:00,02/11/2025 01:00,108.98300170898438,13.041999816894531
71558,Củng Sơn,Đắk Lắk,Đà Rằng,2893.0,Bình thường,0.0,29.5,32.0,34.5,39.9,1993,02/11/2025 04:00,02/11/2025 01:00,02/11/2025 04:00,108.98300170898438,13.041999816894531
71558,Củng Sơn,Đắk Lắk,Đà Rằng,2893.0,Bình thường,0.0,29.5,32.0,34.5,39.9,1993,02/11/2025 07:00,02/11/2025 04:00,02/11/2025 07:00,108.98300170898438,13.041999816894531
71558,Củng Sơn,Đắk Lắk,Đà Rằng,2889.0,Bình thường,0.0,29.5,32.0,34.5,39.9,1993,02/11/2025 10:00,02/11/2025 07:00,02/11/2025 10:00,108.98300170898438,13.041999816894531
71558,Củng Sơn,Đắk Lắk,Đà Rằng,2889.0,Bình thường,0.0,29.5,32.0,34.5,39.9,1993,02/11/2025 13:00,02/11/2025 10:00,02/11/2025 13:00,108.98300170898438,13.041999816894531
71558,Củng Sơn,Đắk Lắk,Đà Rằng,2858.0,Bình thường,0.0,29.5,32.0,34.5,39.9,1993,02/11/2025 16:00,02/11/2025 13:00,02/11/2025 16:00,108.98300170898438,13.041999816894531
71558,Củng Sơn,Đắk Lắk,Đà Rằng,2844.0,Bình thường,0.0,29.5,32.0,34.5,39.9,1993,02/11/2025 19:00,02/11/2025 16:00,02/11/2025 19:00,108.98300170898438,13.041999816894531
71558,Củng Sơn,Đắk Lắk,Đà Rằng,2827.0,Bình thường,0.0,29.5,32.0,34.5,39.9,1993,03/11/2025 01:00,02/11/2025 19:00,03/11/2025 01:00,108.98300170898438,13.041999816894531
71558,Củng Sơn,Đắk Lắk,Đà Rằng,2810.0,Bình thường,0.0,29.5,32.0,34.5,39.9,1993,03/11/2025 04:00,03/11/2025 01:00,03/11/2025 04:00,108.98300170898438,13.041999816894531
71558,Củng Sơn,Đắk Lắk,Đà Rằng,2798.0,Bình thường,0.0,29.5,32.0,34.5,39.9,1993,03/11/2025 07:00,03/11/2025 04:00,03/11/2025 07:00,108.98300170898438,13.041999816894531
71558,Củng Sơn,Đắk Lắk,Đà Rằng,2790.0,Bình thường,0.0,29.5,32.0,34.5,39.9,1993,03/11/2025 10:00,03/11/2025 07:00,03/11/2025 10:00,108.98300170898438,13.041999816894531
71558,Củng Sơn,Đắk Lắk,Đà Rằng,2770.0,Bình thường,0.0,29.5,32.0,34.5,39.9,1993,03/11/2025 13:00,03/11/2025 10:00,03/11/2025 13:00,108.98300170898438,13.041999816894531
71558,Củng Sơn,Đắk Lắk,Đà Rằng,2759.0,Bình thường,0.0,29.5,32.0,34.5,39.9,1993,03/11/2025 16:00,03/11/2025 13:00,03/11/2025 16:00,108.98300170898438,13.041999816894531
71558,Củng Sơn,Đắk Lắk,Đà Rằng,2757.0,Bình thường,0.0,29.5,32.0,34.5,39.9,1993,03/11/2025 19:00,03/11/2025 16:00,03/11/2025 19:00,108.98300170898438,13.041999816894531
71558,Củng Sơn,Đắk Lắk,Đà Rằng,2798.0,Bình thường,0.0,29.5,32.0,34.5,39.9,1993,04/11/2025 01:00,03/11/2025 19:00,04/11/2025 01:00,108.98300170898438,13.041999816894531
71558,Củng Sơn,Đắk Lắk,Đà Rằng,2778.0,Bình thường,0.0,29.5,32.0,34.5,39.9,1993,04/11/2025 04:00,04/11/2025 01:00,04/11/2025 04:00,108.98300170898438,13.041999816894531
71558,Củng Sơn,Đắk Lắk,Đà Rằng,2773.0,Bình thường,0.0,29.5,32.0,34.5,39.9,1993,04/11/2025 07:00,04/11/2025 04:00,04/11/2025 07:00,108.98300170898438,13.041999816894531
71558,Củng Sơn,Đắk Lắk,Đà Rằng,2801.0,Bình thường,0.0,29.5,32.0,34.5,39.9,1993,04/11/2025 10:00,04/11/2025 07:00,04/11/2025 10:00,108.98300170898438,13.041999816894531
71558,Củng Sơn,Đắk Lắk,Đà Rằng,2820.0,Bình thường,0.0,29.5,32.0,34.5,39.9,1993,04/11/2025 13:00,04/11/2025 10:00,04/11/2025 13:00,108.98300170898438,13.041999816894531
71558,Củng Sơn,Đắk Lắk,Đà Rằng,2875.0,Bình thường,0.0,29.5,32.0,34.5,39.9,1993,04/11/2025 15:00,04/11/2025 13:00,04/11/2025 15:00,108.98300170898438,13.041999816894531
71558,Củng Sơn,Đắk Lắk,Đà Rằng,2910.0,Bình thường,0.0,29.5,32.0,34.5,39.9,1993,04/11/2025 17:00,04/11/2025 15:00,04/11/2025 17:00,108.98300170898438,13.041999816894531
71558,Củng Sơn,Đắk Lắk,Đà Rằng,2921.0,Bình thường,0.0,29.5,32.0,34.5,39.9,1993,04/11/2025 19:00,04/11/2025 17:00,04/11/2025 19:00,108.98300170898438,13.041999816894531
71558,Củng Sơn,Đắk Lắk,Đà Rằng,2969.0,Trên BĐ1,1.0,29.5,32.0,34.5,39.9,1993,05/11/2025 01:00,04/11/2025 19:00,05/11/2025 01:00,108.98300170898438,13.041999816894531
71558,Củng Sơn,Đắk Lắk,Đà Rằng,2956.0,Trên BĐ1,1.0,29.5,32.0,34.5,39.9,1993,05/11/2025 03:00,05/11/2025 01:00,05/11/2025 03:00,108.98300170898438,13.041999816894531
71558,Củng Sơn,Đắk Lắk,Đà Rằng,2948.0,Bình thường,0.0,29.5,32.0,34.5,39.9,1993,05/11/2025 05:00,05/11/2025 03:00,05/11/2025 05:00,108.98300170898438,13.041999816894531
71558,Củng Sơn,Đắk Lắk,Đà Rằng,2948.0,Bình thường,0.0,29.5,32.0,34.5,39.9,1993,05/11/2025 07:00,05/11/2025 05:00,05/11/2025 07:00,108.98300170898438,13.041999816894531
71558,Củng Sơn,Đắk Lắk,Đà Rằng,2978.0,Trên BĐ1,1.0,29.5,32.0,34.5,39.9,1993,05/11/2025 09:00,05/11/2025 07:00,05/11/2025 09:00,108.98300170898438,13.041999816894531
71558,Củng Sơn,Đắk Lắk,Đà Rằng,2979.0,Trên BĐ1,1.0,29.5,32.0,34.5,39.9,1993,05/11/2025 11:00,05/11/2025 09:00,05/11/2025 11:00,108.98300170898438,13.041999816894531
71558,Củng Sơn,Đắk Lắk,Đà Rằng,2976.0,Trên BĐ1,1.0,29.5,32.0,34.5,39.9,1993,05/11/2025 13:00,05/11/2025 11:00,05/11/2025 13:00,108.98300170898438,13.041999816894531
71558,Củng Sơn,Đắk Lắk,Đà Rằng,2963.0,Trên BĐ1,1.0,29.5,32.0,34.5,39.9,1993,05/11/2025 15:00,05/11/2025 13:00,05/11/2025 15:00,108.98300170898438,13.041999816894531
71558,Củng Sơn,Đắk Lắk,Đà Rằng,2937.0,Bình thường,0.0,29.5,32.0,34.5,39.9,1993,05/11/2025 17:00,05/11/2025 15:00,05/11/2025 17:00,108.98300170898438,13.041999816894531
71558,Củng Sơn,Đắk Lắk,Đà Rằng,2893.0,Bình thường,0.0,29.5,32.0,34.5,39.9,1993,05/11/2025 19:00,05/11/2025 17:00,05/11/2025 19:00,108.98300170898438,13.041999816894531
71558,Củng Sơn,Đắk Lắk,Đà Rằng,2773.0,Bình thường,0.0,29.5,32.0,34.5,39.9,1993,06/11/2025 01:00,05/11/2025 19:00,06/11/2025 01:00,108.98300170898438,13.041999816894531
71558,Củng Sơn,Đắk Lắk,Đà Rằng,2723.0,Bình thường,0.0,29.5,32.0,34.5,39.9,1993,06/11/2025 04:00,06/11/2025 01:00,06/11/2025 04:00,108.98300170898438,13.041999816894531
71558,Củng Sơn,Đắk Lắk,Đà Rằng,2709.0,Bình thường,0.0,29.5,32.0,34.5,39.9,1993,06/11/2025 07:00,06/11/2025 04:00,06/11/2025 07:00,108.98300170898438,13.041999816894531
71558,Củng Sơn,Đắk Lắk,Đà Rằng,2741.0,Bình thường,0.0,29.5,32.0,34.5,39.9,1993,06/11/2025 10:00,06/11/2025 07:00,06/11/2025 10:00,108.98300170898438,13.041999816894531
71558,Củng Sơn,Đắk Lắk,Đà Rằng,2743.0,Bình thường,0.0,29.5,32.0,34.5,39.9,1993,06/11/2025 13:00,06/11/2025 10:00,06/11/2025 13:00,108.98300170898438,13.041999816894531
71558,Củng Sơn,Đắk Lắk,Đà Rằng,2754.0,Bình thường,0.0,29.5,32.0,34.5,39.9,1993,06/11/2025 16:00,06/11/2025 13:00,06/11/2025 16:00,108.98300170898438,13.041999816894531
71558,Củng Sơn,Đắk Lắk,Đà Rằng,2940.0,Bình thường,0.0,29.5,32.0,34.5,39.9,1993,06/11/2025 19:00,06/11/2025 16:00,06/11/2025 19:00,108.98300170898438,13.041999816894531
71558,Củng Sơn,Đắk Lắk,Đà Rằng,3033.0,Trên BĐ1,1.0,29.5,32.0,34.5,39.9,1993,06/11/2025 20:00,06/11/2025 19:00,06/11/2025 20:00,108.98300170898438,13.041999816894531
71558,Củng Sơn,Đắk Lắk,Đà Rằng,3080.0,Trên BĐ1,1.0,29.5,32.0,34.5,39.9,1993,06/11/2025 21:00,06/11/2025 20:00,06/11/2025 21:00,108.98300170898438,13.041999816894531
71558,Củng Sơn,Đắk Lắk,Đà Rằng,3166.0,Trên BĐ1,1.0,29.5,32.0,34.5,39.9,1993,06/11/2025 23:00,06/11/2025 21:00,06/11/2025 23:00,108.98300170898438,13.041999816894531
71558,Củng Sơn,Đắk Lắk,Đà Rằng,3185.0,Trên BĐ1,1.0,29.5,32.0,34.5,39.9,1993,07/11/2025 01:00,06/11/2025 23:00,07/11/2025 01:00,108.98300170898438,13.041999816894531
71558,Củng Sơn,Đắk Lắk,Đà Rằng,3228.0,Trên BĐ2,2.0,29.5,32.0,34.5,39.9,1993,07/11/2025 02:00,07/11/2025 01:00,07/11/2025 02:00,108.98300170898438,13.041999816894531
71558,Củng Sơn,Đắk Lắk,Đà Rằng,3303.0,Trên BĐ2,2.0,29.5,32.0,34.5,39.9,1993,07/11/2025 03:00,07/11/2025 02:00,07/11/2025 03:00,108.98300170898438,13.041999816894531
71558,Củng Sơn,Đắk Lắk,Đà Rằng,3350.0,Trên BĐ2,2.0,29.5,32.0,34.5,39.9,1993,07/11/2025 04:00,07/11/2025 03:00,07/11/2025 04:00,108.98300170898438,13.041999816894531
71558,Củng Sơn,Đắk Lắk,Đà Rằng,3377.0,Trên BĐ2,2.0,29.5,32.0,34.5,39.9,1993,07/11/2025 05:00,07/11/2025 04:00,07/11/2025 05:00,108.98300170898438,13.041999816894531
71558,Củng Sơn,Đắk Lắk,Đà Rằng,3387.0,Trên BĐ2,2.0,29.5,32.0,34.5,39.9,1993,07/11/2025 06:00,07/11/2025 05:00,07/11/2025 06:00,108.98300170898438,13.041999816894531
71558,Củng Sơn,Đắk Lắk,Đà Rằng,3391.0,Trên BĐ2,2.0,29.5,32.0,34.5,39.9,1993,07/11/2025 07:00,07/11/2025 06:00,07/11/2025 07:00,108.98300170898438,13.041999816894531
71558,Củng Sơn,Đắk Lắk,Đà Rằng,3373.0,Trên BĐ2,2.0,29.5,32.0,34.5,39.9,1993,07/11/2025 08:00,07/11/2025 07:00,07/11/2025 08:00,108.98300170898438,13.041999816894531
71558,Củng Sơn,Đắk Lắk,Đà Rằng,2849.0,Bình thường,0.0,29.5,32.0,34.5,39.9,1993,31/10/2025 01:00,31/10/2025 01:00,31/10/2025 01:00,108.98300170898438,13.041999816894531
71558,Củng Sơn,Đắk Lắk,Đà Rằng,2875.0,Bình thường,0.0,29.5,32.0,34.5,39.9,1993,31/10/2025 04:00,31/10/2025 01:00,31/10/2025 04:00,108.98300170898438,13.041999816894531
71558,Củng Sơn,Đắk Lắk,Đà Rằng,2879.0,Bình thường,0.0,29.5,32.0,34.5,39.9,1993,31/10/2025 07:00,31/10/2025 04:00,31/10/2025 07:00,108.98300170898438,13.041999816894531
71558,Củng Sơn,Đắk Lắk,Đà Rằng,2919.0,Bình thường,0.0,29.5,32.0,34.5,39.9,1993,31/10/2025 10:00,31/10/2025 07:00,31/10/2025 10:00,108.98300170898438,13.041999816894531
71558,Củng Sơn,Đắk Lắk,Đà Rằng,2920.0,Bình thường,0.0,29.5,32.0,34.5,39.9,1993,31/10/2025 13:00,31/10/2025 10:00,31/10/2025 13:00,108.98300170898438,13.041999816894531
71558,Củng Sơn,Đắk Lắk,Đà Rằng,2919.0,Bình thường,0.0,29.5,32.0,34.5,39.9,1993,31/10/2025 16:00,31/10/2025 13:00,31/10/2025 16:00,108.98300170898438,13.041999816894531
71558,Củng Sơn,Đắk Lắk,Đà Rằng,2893.0,Bình thường,0.0,29.5,32.0,34.5,39.9,1993,31/10/2025 19:00,31/10/2025 16:00,31/10/2025 19:00,108.98300170898438,13.041999816894531
71558,Củng Sơn,Đắk Lắk,Đà Rằng,2870.0,Bình thường,0.0,29.5,32.0,34.5,39.9,1993,01/11/2025 01:00,31/10/2025 19:00,01/11/2025 01:00,108.98300170898438,13.041999816894531
71559,Phú Lâm,Đắk Lắk,Đà Rằng,71.0,Bình thường,0.0,1.7,2.7,3.7,5.21,1993,01/11/2025 03:00,01/11/2025 01:00,01/11/2025 03:00,109.3239974975586,13.069000244140625
71559,Phú Lâm,Đắk Lắk,Đà Rằng,51.0,Bình thường,0.0,1.7,2.7,3.7,5.21,1993,01/11/2025 07:00,01/11/2025 03:00,01/11/2025 07:00,109.3239974975586,13.069000244140625
71559,Phú Lâm,Đắk Lắk,Đà Rằng,2.0,Bình thường,0.0,1.7,2.7,3.7,5.21,1993,01/11/2025 13:00,01/11/2025 07:00,01/11/2025 13:00,109.3239974975586,13.069000244140625
71559,Phú Lâm,Đắk Lắk,Đà Rằng,49.0,Bình thường,0.0,1.7,2.7,3.7,5.21,1993,01/11/2025 19:00,01/11/2025 13:00,01/11/2025 19:00,109.3239974975586,13.069000244140625
71559,Phú Lâm,Đắk Lắk,Đà Rằng,55.0,Bình thường,0.0,1.7,2.7,3.7,5.21,1993,02/11/2025 01:00,01/11/2025 19:00,02/11/2025 01:00,109.3239974975586,13.069000244140625
71559,Phú Lâm,Đắk Lắk,Đà Rằng,70.0,Bình thường,0.0,1.7,2.7,3.7,5.21,1993,02/11/2025 06:00,02/11/2025 01:00,02/11/2025 06:00,109.3239974975586,13.069000244140625
71559,Phú Lâm,Đắk Lắk,Đà Rằng,65.0,Bình thường,0.0,1.7,2.7,3.7,5.21,1993,02/11/2025 07:00,02/11/2025 06:00,02/11/2025 07:00,109.3239974975586,13.069000244140625
71559,Phú Lâm,Đắk Lắk,Đà Rằng,13.0,Bình thường,0.0,1.7,2.7,3.7,5.21,1993,02/11/2025 13:00,02/11/2025 07:00,02/11/2025 13:00,109.3239974975586,13.069000244140625
71559,Phú Lâm,Đắk Lắk,Đà Rằng,10.0,Bình thường,0.0,1.7,2.7,3.7,5.21,1993,02/11/2025 14:00,02/11/2025 13:00,02/11/2025 14:00,109.3239974975586,13.069000244140625
71559,Phú Lâm,Đắk Lắk,Đà Rằng,50.0,Bình thường,0.0,1.7,2.7,3.7,5.21,1993,02/11/2025 19:00,02/11/2025 14:00,02/11/2025 19:00,109.3239974975586,13.069000244140625
71559,Phú Lâm,Đắk Lắk,Đà Rằng,32.0,Bình thường,0.0,1.7,2.7,3.7,5.21,1993,03/11/2025 01:00,02/11/2025 19:00,03/11/2025 01:00,109.3239974975586,13.069000244140625
71559,Phú Lâm,Đắk Lắk,Đà Rằng,27.0,Bình thường,0.0,1.7,2.7,3.7,5.21,1993,03/11/2025 02:00,03/11/2025 01:00,03/11/2025 02:00,109.3239974975586,13.069000244140625
71559,Phú Lâm,Đắk Lắk,Đà Rằng,48.0,Bình thường,0.0,1.7,2.7,3.7,5.21,1993,03/11/2025 07:00,03/11/2025 02:00,03/11/2025 07:00,109.3239974975586,13.069000244140625
71559,Phú Lâm,Đắk Lắk,Đà Rằng,12.0,Bình thường,0.0,1.7,2.7,3.7,5.21,1993,03/11/2025 13:00,03/11/2025 07:00,03/11/2025 13:00,109.3239974975586,13.069000244140625
71559,Phú Lâm,Đắk Lắk,Đà Rằng,5.0,Bình thường,0.0,1.7,2.7,3.7,5.21,1993,03/11/2025 14:00,03/11/2025 13:00,03/11/2025 14:00,109.3239974975586,13.069000244140625
71559,Phú Lâm,Đắk Lắk,Đà Rằng,52.0,Bình thường,0.0,1.7,2.7,3.7,5.21,1993,03/11/2025 19:00,03/11/2025 14:00,03/11/2025 19:00,109.3239974975586,13.069000244140625
71559,Phú Lâm,Đắk Lắk,Đà Rằng,20.0,Bình thường,0.0,1.7,2.7,3.7,5.21,1993,04/11/2025 01:00,03/11/2025 19:00,04/11/2025 01:00,109.3239974975586,13.069000244140625
71559,Phú Lâm,Đắk Lắk,Đà Rằng,3.0,Bình thường,0.0,1.7,2.7,3.7,5.21,1993,04/11/2025 03:00,04/11/2025 01:00,04/11/2025 03:00,109.3239974975586,13.069000244140625
71559,Phú Lâm,Đắk Lắk,Đà Rằng,32.0,Bình thường,0.0,1.7,2.7,3.7,5.21,1993,04/11/2025 07:00,04/11/2025 03:00,04/11/2025 07:00,109.3239974975586,13.069000244140625
71559,Phú Lâm,Đắk Lắk,Đà Rằng,48.0,Bình thường,0.0,1.7,2.7,3.7,5.21,1993,04/11/2025 09:00,04/11/2025 07:00,04/11/2025 09:00,109.3239974975586,13.069000244140625
71559,Phú Lâm,Đắk Lắk,Đà Rằng,25.0,Bình thường,0.0,1.7,2.7,3.7,5.21,1993,04/11/2025 13:00,04/11/2025 09:00,04/11/2025 13:00,109.3239974975586,13.069000244140625
71559,Phú Lâm,Đắk Lắk,Đà Rằng,17.0,Bình thường,0.0,1.7,2.7,3.7,5.21,1993,04/11/2025 15:00,04/11/2025 13:00,04/11/2025 15:00,109.3239974975586,13.069000244140625
71559,Phú Lâm,Đắk Lắk,Đà Rằng,62.0,Bình thường,0.0,1.7,2.7,3.7,5.21,1993,04/11/2025 19:00,04/11/2025 15:00,04/11/2025 19:00,109.3239974975586,13.069000244140625
71559,Phú Lâm,Đắk Lắk,Đà Rằng,28.0,Bình thường,0.0,1.7,2.7,3.7,5.21,1993,05/11/2025 01:00,04/11/2025 19:00,05/11/2025 01:00,109.3239974975586,13.069000244140625
71559,Phú Lâm,Đắk Lắk,Đà Rằng,6.0,Bình thường,0.0,1.7,2.7,3.7,5.21,1993,05/11/2025 04:00,05/11/2025 01:00,05/11/2025 04:00,109.3239974975586,13.069000244140625
71559,Phú Lâm,Đắk Lắk,Đà Rằng,36.0,Bình thường,0.0,1.7,2.7,3.7,5.21,1993,05/11/2025 07:00,05/11/2025 04:00,05/11/2025 07:00,109.3239974975586,13.069000244140625
71559,Phú Lâm,Đắk Lắk,Đà Rằng,71.0,Bình thường,0.0,1.7,2.7,3.7,5.21,1993,05/11/2025 10:00,05/11/2025 07:00,05/11/2025 10:00,109.3239974975586,13.069000244140625
71559,Phú Lâm,Đắk Lắk,Đà Rằng,65.0,Bình thường,0.0,1.7,2.7,3.7,5.21,1993,05/11/2025 13:00,05/11/2025 10:00,05/11/2025 13:00,109.3239974975586,13.069000244140625
71559,Phú Lâm,Đắk Lắk,Đà Rằng,61.0,Bình thường,0.0,1.7,2.7,3.7,5.21,1993,05/11/2025 14:00,05/11/2025 13:00,05/11/2025 14:00,109.3239974975586,13.069000244140625
71559,Phú Lâm,Đắk Lắk,Đà Rằng,99.0,Bình thường,0.0,1.7,2.7,3.7,5.21,1993,05/11/2025 19:00,05/11/2025 14:00,05/11/2025 19:00,109.3239974975586,13.069000244140625
71559,Phú Lâm,Đắk Lắk,Đà Rằng,52.0,Bình thường,0.0,1.7,2.7,3.7,5.21,1993,06/11/2025 01:00,05/11/2025 19:00,06/11/2025 01:00,109.3239974975586,13.069000244140625
71559,Phú Lâm,Đắk Lắk,Đà Rằng,-14.0,Bình thường,0.0,1.7,2.7,3.7,5.21,1993,06/11/2025 05:00,06/11/2025 01:00,06/11/2025 05:00,109.3239974975586,13.069000244140625
71559,Phú Lâm,Đắk Lắk,Đà Rằng,-8.0,Bình thường,0.0,1.7,2.7,3.7,5.21,1993,06/11/2025 07:00,06/11/2025 05:00,06/11/2025 07:00,109.3239974975586,13.069000244140625
71559,Phú Lâm,Đắk Lắk,Đà Rằng,60.0,Bình thường,0.0,1.7,2.7,3.7,5.21,1993,06/11/2025 13:00,06/11/2025 07:00,06/11/2025 13:00,109.3239974975586,13.069000244140625
71559,Phú Lâm,Đắk Lắk,Đà Rằng,106.0,Bình thường,0.0,1.7,2.7,3.7,5.21,1993,06/11/2025 19:00,06/11/2025 13:00,06/11/2025 19:00,109.3239974975586,13.069000244140625
71559,Phú Lâm,Đắk Lắk,Đà Rằng,89.0,Bình thường,0.0,1.7,2.7,3.7,5.21,1993,07/11/2025 01:00,06/11/2025 19:00,07/11/2025 01:00,109.3239974975586,13.069000244140625
71559,Phú Lâm,Đắk Lắk,Đà Rằng,172.0,Trên BĐ1,1.0,1.7,2.7,3.7,5.21,1993,07/11/2025 07:00,07/11/2025 01:00,07/11/2025 07:00,109.3239974975586,13.069000244140625
71559,Phú Lâm,Đắk Lắk,Đà Rằng,,Không có dữ liệu,,1.7,2.7,3.7,5.21,1993,07/11/2025 08:00,07/11/2025 07:00,07/11/2025 08:00,109.3239974975586,13.069000244140625
71559,Phú Lâm,Đắk Lắk,Đà Rằng,78.0,Bình thường,0.0,1.7,2.7,3.7,5.21,1993,31/10/2025 01:00,31/10/2025 01:00,31/10/2025 01:00,109.3239974975586,13.069000244140625
71559,Phú Lâm,Đắk Lắk,Đà Rằng,39.0,Bình thường,0.0,1.7,2.7,3.7,5.21,1993,31/10/2025 07:00,31/10/2025 01:00,31/10/2025 07:00,109.3239974975586,13.069000244140625
71559,Phú Lâm,Đắk Lắk,Đà Rằng,-10.0,Bình thường,0.0,1.7,2.7,3.7,5.21,1993,31/10/2025 13:00,31/10/2025 07:00,31/10/2025 13:00,109.3239974975586,13.069000244140625
71559,Phú Lâm,Đắk Lắk,Đà Rằng,49.0,Bình thường,0.0,1.7,2.7,3.7,5.21,1993,31/10/2025 19:00,31/10/2025 13:00,31/10/2025 19:00,109.3239974975586,13.069000244140625
71559,Phú Lâm,Đắk Lắk,Đà Rằng,1.0,Bình thường,0.0,1.7,2.7,3.7,5.21,1993,01/11/2025 01:00,31/10/2025 19:00,01/11/2025 01:00,109.3239974975586,13.069000244140625
71708,An Khê,Gia Lai,Ba,40202.0,Bình thường,0.0,404.5,405.5,406.5,410.15,2013,01/11/2025 04:00,01/11/2025 01:00,01/11/2025 04:00,108.66699981689453,13.949999809265137
71708,An Khê,Gia Lai,Ba,40194.0,Bình thường,0.0,404.5,405.5,406.5,410.15,2013,01/11/2025 07:00,01/11/2025 04:00,01/11/2025 07:00,108.66699981689453,13.949999809265137
71708,An Khê,Gia Lai,Ba,40192.0,Bình thường,0.0,404.5,405.5,406.5,410.15,2013,01/11/2025 10:00,01/11/2025 07:00,01/11/2025 10:00,108.66699981689453,13.949999809265137
71708,An Khê,Gia Lai,Ba,40190.0,Bình thường,0.0,404.5,405.5,406.5,410.15,2013,01/11/2025 13:00,01/11/2025 10:00,01/11/2025 13:00,108.66699981689453,13.949999809265137
71708,An Khê,Gia Lai,Ba,40187.0,Bình thường,0.0,404.5,405.5,406.5,410.15,2013,01/11/2025 16:00,01/11/2025 13:00,01/11/2025 16:00,108.66699981689453,13.949999809265137
71708,An Khê,Gia Lai,Ba,40185.0,Bình thường,0.0,404.5,405.5,406.5,410.15,2013,01/11/2025 19:00,01/11/2025 16:00,01/11/2025 19:00,108.66699981689453,13.949999809265137
71708,An Khê,Gia Lai,Ba,40177.0,Bình thường,0.0,404.5,405.5,406.5,410.15,2013,02/11/2025 01:00,01/11/2025 19:00,02/11/2025 01:00,108.66699981689453,13.949999809265137
71708,An Khê,Gia Lai,Ba,40182.0,Bình thường,0.0,404.5,405.5,406.5,410.15,2013,02/11/2025 04:00,02/11/2025 01:00,02/11/2025 04:00,108.66699981689453,13.949999809265137
71708,An Khê,Gia Lai,Ba,40192.0,Bình thường,0.0,404.5,405.5,406.5,410.15,2013,02/11/2025 07:00,02/11/2025 04:00,02/11/2025 07:00,108.66699981689453,13.949999809265137
71708,An Khê,Gia Lai,Ba,40203.0,Bình thường,0.0,404.5,405.5,406.5,410.15,2013,02/11/2025 10:00,02/11/2025 07:00,02/11/2025 10:00,108.66699981689453,13.949999809265137
71708,An Khê,Gia Lai,Ba,40215.0,Bình thường,0.0,404.5,405.5,406.5,410.15,2013,02/11/2025 13:00,02/11/2025 10:00,02/11/2025 13:00,108.66699981689453,13.949999809265137
71708,An Khê,Gia Lai,Ba,40221.0,Bình thường,0.0,404.5,405.5,406.5,410.15,2013,02/11/2025 16:00,02/11/2025 13:00,02/11/2025 16:00,108.66699981689453,13.949999809265137
71708,An Khê,Gia Lai,Ba,40227.0,Bình thường,0.0,404.5,405.5,406.5,410.15,2013,02/11/2025 19:00,02/11/2025 16:00,02/11/2025 19:00,108.66699981689453,13.949999809265137
71708,An Khê,Gia Lai,Ba,40211.0,Bình thường,0.0,404.5,405.5,406.5,410.15,2013,03/11/2025 01:00,02/11/2025 19:00,03/11/2025 01:00,108.66699981689453,13.949999809265137
71708,An Khê,Gia Lai,Ba,40220.0,Bình thường,0.0,404.5,405.5,406.5,410.15,2013,03/11/2025 04:00,03/11/2025 01:00,03/11/2025 04:00,108.66699981689453,13.949999809265137
71708,An Khê,Gia Lai,Ba,40235.0,Bình thường,0.0,404.5,405.5,406.5,410.15,2013,03/11/2025 07:00,03/11/2025 04:00,03/11/2025 07:00,108.66699981689453,13.949999809265137
71708,An Khê,Gia Lai,Ba,40185.0,Bình thường,0.0,404.5,405.5,406.5,410.15,2013,03/11/2025 16:00,03/11/2025 07:00,03/11/2025 16:00,108.66699981689453,13.949999809265137
71708,An Khê,Gia Lai,Ba,40182.0,Bình thường,0.0,404.5,405.5,406.5,410.15,2013,03/11/2025 19:00,03/11/2025 16:00,03/11/2025 19:00,108.66699981689453,13.949999809265137
71708,An Khê,Gia Lai,Ba,40175.0,Bình thường,0.0,404.5,405.5,406.5,410.15,2013,04/11/2025 01:00,03/11/2025 19:00,04/11/2025 01:00,108.66699981689453,13.949999809265137
71708,An Khê,Gia Lai,Ba,40173.0,Bình thường,0.0,404.5,405.5,406.5,410.15,2013,04/11/2025 07:00,04/11/2025 01:00,04/11/2025 07:00,108.66699981689453,13.949999809265137
71708,An Khê,Gia Lai,Ba,40170.0,Bình thường,0.0,404.5,405.5,406.5,410.15,2013,04/11/2025 13:00,04/11/2025 07:00,04/11/2025 13:00,108.66699981689453,13.949999809265137
71708,An Khê,Gia Lai,Ba,40169.0,Bình thường,0.0,404.5,405.5,406.5,410.15,2013,04/11/2025 19:00,04/11/2025 13:00,04/11/2025 19:00,108.66699981689453,13.949999809265137
71708,An Khê,Gia Lai,Ba,40169.0,Bình thường,0.0,404.5,405.5,406.5,410.15,2013,05/11/2025 01:00,04/11/2025 19:00,05/11/2025 01:00,108.66699981689453,13.949999809265137
71708,An Khê,Gia Lai,Ba,40168.0,Bình thường,0.0,404.5,405.5,406.5,410.15,2013,05/11/2025 07:00,05/11/2025 01:00,05/11/2025 07:00,108.66699981689453,13.949999809265137
71708,An Khê,Gia Lai,Ba,40169.0,Bình thường,0.0,404.5,405.5,406.5,410.15,2013,05/11/2025 13:00,05/11/2025 07:00,05/11/2025 13:00,108.66699981689453,13.949999809265137
71708,An Khê,Gia Lai,Ba,40168.0,Bình thường,0.0,404.5,405.5,406.5,410.15,2013,05/11/2025 19:00,05/11/2025 13:00,05/11/2025 19:00,108.66699981689453,13.949999809265137
71708,An Khê,Gia Lai,Ba,40168.0,Bình thường,0.0,404.5,405.5,406.5,410.15,2013,06/11/2025 01:00,05/11/2025 19:00,06/11/2025 01:00,108.66699981689453,13.949999809265137
71708,An Khê,Gia Lai,Ba,40200.0,Bình thường,0.0,404.5,405.5,406.5,410.15,2013,06/11/2025 03:00,06/11/2025 01:00,06/11/2025 03:00,108.66699981689453,13.949999809265137
71708,An Khê,Gia Lai,Ba,40275.0,Bình thường,0.0,404.5,405.5,406.5,410.15,2013,06/11/2025 04:00,06/11/2025 03:00,06/11/2025 04:00,108.66699981689453,13.949999809265137
71708,An Khê,Gia Lai,Ba,40382.0,Bình thường,0.0,404.5,405.5,406.5,410.15,2013,06/11/2025 05:00,06/11/2025 04:00,06/11/2025 05:00,108.66699981689453,13.949999809265137
71708,An Khê,Gia Lai,Ba,40396.0,Bình thường,0.0,404.5,405.5,406.5,410.15,2013,06/11/2025 06:00,06/11/2025 05:00,06/11/2025 06:00,108.66699981689453,13.949999809265137
71708,An Khê,Gia Lai,Ba,40353.0,Bình thường,0.0,404.5,405.5,406.5,410.15,2013,06/11/2025 07:00,06/11/2025 06:00,06/11/2025 07:00,108.66699981689453,13.949999809265137
71708,An Khê,Gia Lai,Ba,40303.0,Bình thường,0.0,404.5,405.5,406.5,410.15,2013,06/11/2025 08:00,06/11/2025 07:00,06/11/2025 08:00,108.66699981689453,13.949999809265137
71708,An Khê,Gia Lai,Ba,40270.0,Bình thường,0.0,404.5,405.5,406.5,410.15,2013,06/11/2025 09:00,06/11/2025 08:00,06/11/2025 09:00,108.66699981689453,13.949999809265137
71708,An Khê,Gia Lai,Ba,40255.0,Bình thường,0.0,404.5,405.5,406.5,410.15,2013,06/11/2025 10:00,06/11/2025 09:00,06/11/2025 10:00,108.66699981689453,13.949999809265137
71708,An Khê,Gia Lai,Ba,40268.0,Bình thường,0.0,404.5,405.5,406.5,410.15,2013,06/11/2025 11:00,06/11/2025 10:00,06/11/2025 11:00,108.66699981689453,13.949999809265137
71708,An Khê,Gia Lai,Ba,40293.0,Bình thường,0.0,404.5,405.5,406.5,410.15,2013,06/11/2025 12:00,06/11/2025 11:00,06/11/2025 12:00,108.66699981689453,13.949999809265137
71708,An Khê,Gia Lai,Ba,40342.0,Bình thường,0.0,404.5,405.5,406.5,410.15,2013,06/11/2025 13:00,06/11/2025 12:00,06/11/2025 13:00,108.66699981689453,13.949999809265137
71708,An Khê,Gia Lai,Ba,40331.0,Bình thường,0.0,404.5,405.5,406.5,410.15,2013,06/11/2025 14:00,06/11/2025 13:00,06/11/2025 14:00,108.66699981689453,13.949999809265137
71708,An Khê,Gia Lai,Ba,40381.0,Bình thường,0.0,404.5,405.5,406.5,410.15,2013,06/11/2025 15:00,06/11/2025 14:00,06/11/2025 15:00,108.66699981689453,13.949999809265137
71708,An Khê,Gia Lai,Ba,40409.0,Bình thường,0.0,404.5,405.5,406.5,410.15,2013,06/11/2025 16:00,06/11/2025 15:00,06/11/2025 16:00,108.66699981689453,13.949999809265137
71708,An Khê,Gia Lai,Ba,40415.0,Bình thường,0.0,404.5,405.5,406.5,410.15,2013,06/11/2025 17:00,06/11/2025 16:00,06/11/2025 17:00,108.66699981689453,13.949999809265137
71708,An Khê,Gia Lai,Ba,40427.0,Bình thường,0.0,404.5,405.5,406.5,410.15,2013,06/11/2025 18:00,06/11/2025 17:00,06/11/2025 18:00,108.66699981689453,13.949999809265137
71708,An Khê,Gia Lai,Ba,40443.0,Bình thường,0.0,404.5,405.5,406.5,410.15,2013,06/11/2025 19:00,06/11/2025 18:00,06/11/2025 19:00,108.66699981689453,13.949999809265137
71708,An Khê,Gia Lai,Ba,40461.0,Trên BĐ1,1.0,404.5,405.5,406.5,410.15,2013,06/11/2025 20:00,06/11/2025 19:00,06/11/2025 20:00,108.66699981689453,13.949999809265137
71708,An Khê,Gia Lai,Ba,40500.0,Trên BĐ1,1.0,404.5,405.5,406.5,410.15,2013,06/11/2025 21:00,06/11/2025 20:00,06/11/2025 21:00,108.66699981689453,13.949999809265137
71708,An Khê,Gia Lai,Ba,40505.0,Trên BĐ1,1.0,404.5,405.5,406.5,410.15,2013,06/11/2025 22:00,06/11/2025 21:00,06/11/2025 22:00,108.66699981689453,13.949999809265137
71708,An Khê,Gia Lai,Ba,40486.0,Trên BĐ1,1.0,404.5,405.5,406.5,410.15,2013,06/11/2025 23:00,06/11/2025 22:00,06/11/2025 23:00,108.66699981689453,13.949999809265137
71708,An Khê,Gia Lai,Ba,40406.0,Bình thường,0.0,404.5,405.5,406.5,410.15,2013,07/11/2025 01:00,06/11/2025 23:00,07/11/2025 01:00,108.66699981689453,13.949999809265137
71708,An Khê,Gia Lai,Ba,40301.0,Bình thường,0.0,404.5,405.5,406.5,410.15,2013,07/11/2025 03:00,07/11/2025 01:00,07/11/2025 03:00,108.66699981689453,13.949999809265137
71708,An Khê,Gia Lai,Ba,40260.0,Bình thường,0.0,404.5,405.5,406.5,410.15,2013,07/11/2025 05:00,07/11/2025 03:00,07/11/2025 05:00,108.66699981689453,13.949999809265137
71708,An Khê,Gia Lai,Ba,40249.0,Bình thường,0.0,404.5,405.5,406.5,410.15,2013,07/11/2025 07:00,07/11/2025 05:00,07/11/2025 07:00,108.66699981689453,13.949999809265137
71708,An Khê,Gia Lai,Ba,,Không có dữ liệu,,404.5,405.5,406.5,410.15,2013,07/11/2025 08:00,07/11/2025 07:00,07/11/2025 08:00,108.66699981689453,13.949999809265137
71708,An Khê,Gia Lai,Ba,40181.0,Bình thường,0.0,404.5,405.5,406.5,410.15,2013,31/10/2025 01:00,31/10/2025 01:00,31/10/2025 01:00,108.66699981689453,13.949999809265137
71708,An Khê,Gia Lai,Ba,40180.0,Bình thường,0.0,404.5,405.5,406.5,410.15,2013,31/10/2025 07:00,31/10/2025 01:00,31/10/2025 07:00,108.66699981689453,13.949999809265137
71708,An Khê,Gia Lai,Ba,40242.0,Bình thường,0.0,404.5,405.5,406.5,410.15,2013,31/10/2025 10:00,31/10/2025 07:00,31/10/2025 10:00,108.66699981689453,13.949999809265137
71708,An Khê,Gia Lai,Ba,40269.0,Bình thường,0.0,404.5,405.5,406.5,410.15,2013,31/10/2025 11:00,31/10/2025 10:00,31/10/2025 11:00,108.66699981689453,13.949999809265137
71708,An Khê,Gia Lai,Ba,40308.0,Bình thường,0.0,404.5,405.5,406.5,410.15,2013,31/10/2025 12:00,31/10/2025 11:00,31/10/2025 12:00,108.66699981689453,13.949999809265137
71708,An Khê,Gia Lai,Ba,40348.0,Bình thường,0.0,404.5,405.5,406.5,410.15,2013,31/10/2025 13:00,31/10/2025 12:00,31/10/2025 13:00,108.66699981689453,13.949999809265137
71708,An Khê,Gia Lai,Ba,40248.0,Bình thường,0.0,404.5,405.5,406.5,410.15,2013,31/10/2025 19:00,31/10/2025 13:00,31/10/2025 19:00,108.66699981689453,13.949999809265137
71708,An Khê,Gia Lai,Ba,40210.0,Bình thường,0.0,404.5,405.5,406.5,410.15,2013,01/11/2025 01:00,31/10/2025 19:00,01/11/2025 01:00,108.66699981689453,13.949999809265137
71709,AyunPa,Gia Lai,Ba,15231.0,Bình thường,0.0,153.0,154.5,156.0,158.63,2009,01/11/2025 04:00,01/11/2025 01:00,01/11/2025 04:00,108.44999694824219,13.399999618530273
71709,AyunPa,Gia Lai,Ba,15227.0,Bình thường,0.0,153.0,154.5,156.0,158.63,2009,01/11/2025 07:00,01/11/2025 04:00,01/11/2025 07:00,108.44999694824219,13.399999618530273
71709,AyunPa,Gia Lai,Ba,15218.0,Bình thường,0.0,153.0,154.5,156.0,158.63,2009,01/11/2025 10:00,01/11/2025 07:00,01/11/2025 10:00,108.44999694824219,13.399999618530273
71709,AyunPa,Gia Lai,Ba,15207.0,Bình thường,0.0,153.0,154.5,156.0,158.63,2009,01/11/2025 13:00,01/11/2025 10:00,01/11/2025 13:00,108.44999694824219,13.399999618530273
71709,AyunPa,Gia Lai,Ba,15195.0,Bình thường,0.0,153.0,154.5,156.0,158.63,2009,01/11/2025 16:00,01/11/2025 13:00,01/11/2025 16:00,108.44999694824219,13.399999618530273
71709,AyunPa,Gia Lai,Ba,15180.0,Bình thường,0.0,153.0,154.5,156.0,158.63,2009,01/11/2025 19:00,01/11/2025 16:00,01/11/2025 19:00,108.44999694824219,13.399999618530273
71709,AyunPa,Gia Lai,Ba,15156.0,Bình thường,0.0,153.0,154.5,156.0,158.63,2009,02/11/2025 01:00,01/11/2025 19:00,02/11/2025 01:00,108.44999694824219,13.399999618530273
71709,AyunPa,Gia Lai,Ba,15142.0,Bình thường,0.0,153.0,154.5,156.0,158.63,2009,02/11/2025 04:00,02/11/2025 01:00,02/11/2025 04:00,108.44999694824219,13.399999618530273
71709,AyunPa,Gia Lai,Ba,15131.0,Bình thường,0.0,153.0,154.5,156.0,158.63,2009,02/11/2025 07:00,02/11/2025 04:00,02/11/2025 07:00,108.44999694824219,13.399999618530273
71709,AyunPa,Gia Lai,Ba,15119.0,Bình thường,0.0,153.0,154.5,156.0,158.63,2009,02/11/2025 10:00,02/11/2025 07:00,02/11/2025 10:00,108.44999694824219,13.399999618530273
71709,AyunPa,Gia Lai,Ba,15107.0,Bình thường,0.0,153.0,154.5,156.0,158.63,2009,02/11/2025 13:00,02/11/2025 10:00,02/11/2025 13:00,108.44999694824219,13.399999618530273
71709,AyunPa,Gia Lai,Ba,15100.0,Bình thường,0.0,153.0,154.5,156.0,158.63,2009,02/11/2025 16:00,02/11/2025 13:00,02/11/2025 16:00,108.44999694824219,13.399999618530273
71709,AyunPa,Gia Lai,Ba,15097.0,Bình thường,0.0,153.0,154.5,156.0,158.63,2009,02/11/2025 19:00,02/11/2025 16:00,02/11/2025 19:00,108.44999694824219,13.399999618530273
71709,AyunPa,Gia Lai,Ba,15090.0,Bình thường,0.0,153.0,154.5,156.0,158.63,2009,03/11/2025 01:00,02/11/2025 19:00,03/11/2025 01:00,108.44999694824219,13.399999618530273
71709,AyunPa,Gia Lai,Ba,15091.0,Bình thường,0.0,153.0,154.5,156.0,158.63,2009,03/11/2025 07:00,03/11/2025 01:00,03/11/2025 07:00,108.44999694824219,13.399999618530273
71709,AyunPa,Gia Lai,Ba,15094.0,Bình thường,0.0,153.0,154.5,156.0,158.63,2009,03/11/2025 13:00,03/11/2025 07:00,03/11/2025 13:00,108.44999694824219,13.399999618530273
71709,AyunPa,Gia Lai,Ba,15093.0,Bình thường,0.0,153.0,154.5,156.0,158.63,2009,03/11/2025 19:00,03/11/2025 13:00,03/11/2025 19:00,108.44999694824219,13.399999618530273
71709,AyunPa,Gia Lai,Ba,15091.0,Bình thường,0.0,153.0,154.5,156.0,158.63,2009,04/11/2025 01:00,03/11/2025 19:00,04/11/2025 01:00,108.44999694824219,13.399999618530273
71709,AyunPa,Gia Lai,Ba,15081.0,Bình thường,0.0,153.0,154.5,156.0,158.63,2009,04/11/2025 07:00,04/11/2025 01:00,04/11/2025 07:00,108.44999694824219,13.399999618530273
71709,AyunPa,Gia Lai,Ba,15073.0,Bình thường,0.0,153.0,154.5,156.0,158.63,2009,04/11/2025 13:00,04/11/2025 07:00,04/11/2025 13:00,108.44999694824219,13.399999618530273
71709,AyunPa,Gia Lai,Ba,15064.0,Bình thường,0.0,153.0,154.5,156.0,158.63,2009,04/11/2025 19:00,04/11/2025 13:00,04/11/2025 19:00,108.44999694824219,13.399999618530273
71709,AyunPa,Gia Lai,Ba,15061.0,Bình thường,0.0,153.0,154.5,156.0,158.63,2009,05/11/2025 01:00,04/11/2025 19:00,05/11/2025 01:00,108.44999694824219,13.399999618530273
71709,AyunPa,Gia Lai,Ba,15047.0,Bình thường,0.0,153.0,154.5,156.0,158.63,2009,05/11/2025 07:00,05/11/2025 01:00,05/11/2025 07:00,108.44999694824219,13.399999618530273
71709,AyunPa,Gia Lai,Ba,15030.0,Bình thường,0.0,153.0,154.5,156.0,158.63,2009,05/11/2025 13:00,05/11/2025 07:00,05/11/2025 13:00,108.44999694824219,13.399999618530273
71709,AyunPa,Gia Lai,Ba,15023.0,Bình thường,0.0,153.0,154.5,156.0,158.63,2009,05/11/2025 19:00,05/11/2025 13:00,05/11/2025 19:00,108.44999694824219,13.399999618530273
71709,AyunPa,Gia Lai,Ba,15014.0,Bình thường,0.0,153.0,154.5,156.0,158.63,2009,06/11/2025 01:00,05/11/2025 19:00,06/11/2025 01:00,108.44999694824219,13.399999618530273
71709,AyunPa,Gia Lai,Ba,15020.0,Bình thường,0.0,153.0,154.5,156.0,158.63,2009,06/11/2025 07:00,06/11/2025 01:00,06/11/2025 07:00,108.44999694824219,13.399999618530273
71709,AyunPa,Gia Lai,Ba,15011.0,Bình thường,0.0,153.0,154.5,156.0,158.63,2009,06/11/2025 13:00,06/11/2025 07:00,06/11/2025 13:00,108.44999694824219,13.399999618530273
71709,AyunPa,Gia Lai,Ba,15020.0,Bình thường,0.0,153.0,154.5,156.0,158.63,2009,06/11/2025 15:00,06/11/2025 13:00,06/11/2025 15:00,108.44999694824219,13.399999618530273
71709,AyunPa,Gia Lai,Ba,15035.0,Bình thường,0.0,153.0,154.5,156.0,158.63,2009,06/11/2025 17:00,06/11/2025 15:00,06/11/2025 17:00,108.44999694824219,13.399999618530273
71709,AyunPa,Gia Lai,Ba,15057.0,Bình thường,0.0,153.0,154.5,156.0,158.63,2009,06/11/2025 19:00,06/11/2025 17:00,06/11/2025 19:00,108.44999694824219,13.399999618530273
71709,AyunPa,Gia Lai,Ba,15100.0,Bình thường,0.0,153.0,154.5,156.0,158.63,2009,06/11/2025 20:00,06/11/2025 19:00,06/11/2025 20:00,108.44999694824219,13.399999618530273
71709,AyunPa,Gia Lai,Ba,15157.0,Bình thường,0.0,153.0,154.5,156.0,158.63,2009,06/11/2025 21:00,06/11/2025 20:00,06/11/2025 21:00,108.44999694824219,13.399999618530273
71709,AyunPa,Gia Lai,Ba,15240.0,Bình thường,0.0,153.0,154.5,156.0,158.63,2009,06/11/2025 22:00,06/11/2025 21:00,06/11/2025 22:00,108.44999694824219,13.399999618530273
71709,AyunPa,Gia Lai,Ba,15437.0,Trên BĐ1,1.0,153.0,154.5,156.0,158.63,2009,06/11/2025 23:00,06/11/2025 22:00,06/11/2025 23:00,108.44999694824219,13.399999618530273
71709,AyunPa,Gia Lai,Ba,15728.0,Trên BĐ3,3.0,153.0,154.5,156.0,158.63,2009,07/11/2025 01:00,06/11/2025 23:00,07/11/2025 01:00,108.44999694824219,13.399999618530273
71709,AyunPa,Gia Lai,Ba,15772.0,Trên BĐ3,3.0,153.0,154.5,156.0,158.63,2009,07/11/2025 02:00,07/11/2025 01:00,07/11/2025 02:00,108.44999694824219,13.399999618530273
71709,AyunPa,Gia Lai,Ba,15802.0,Trên BĐ3,3.0,153.0,154.5,156.0,158.63,2009,07/11/2025 03:00,07/11/2025 02:00,07/11/2025 03:00,108.44999694824219,13.399999618530273
71709,AyunPa,Gia Lai,Ba,15822.0,Trên BĐ3,3.0,153.0,154.5,156.0,158.63,2009,07/11/2025 05:00,07/11/2025 03:00,07/11/2025 05:00,108.44999694824219,13.399999618530273
71709,AyunPa,Gia Lai,Ba,15829.0,Trên BĐ3,3.0,153.0,154.5,156.0,158.63,2009,07/11/2025 06:00,07/11/2025 05:00,07/11/2025 06:00,108.44999694824219,13.399999618530273
71709,AyunPa,Gia Lai,Ba,15828.0,Trên BĐ3,3.0,153.0,154.5,156.0,158.63,2009,07/11/2025 07:00,07/11/2025 06:00,07/11/2025 07:00,108.44999694824219,13.399999618530273
71709,AyunPa,Gia Lai,Ba,15825.0,Trên BĐ3,3.0,153.0,154.5,156.0,158.63,2009,07/11/2025 08:00,07/11/2025 07:00,07/11/2025 08:00,108.44999694824219,13.399999618530273
71709,AyunPa,Gia Lai,Ba,15202.0,Bình thường,0.0,153.0,154.5,156.0,158.63,2009,31/10/2025 01:00,31/10/2025 01:00,31/10/2025 01:00,108.44999694824219,13.399999618530273
71709,AyunPa,Gia Lai,Ba,15198.0,Bình thường,0.0,153.0,154.5,156.0,158.63,2009,31/10/2025 04:00,31/10/2025 01:00,31/10/2025 04:00,108.44999694824219,13.399999618530273
71709,AyunPa,Gia Lai,Ba,15192.0,Bình thường,0.0,153.0,154.5,156.0,158.63,2009,31/10/2025 07:00,31/10/2025 04:00,31/10/2025 07:00,108.44999694824219,13.399999618530273
71709,AyunPa,Gia Lai,Ba,15183.0,Bình thường,0.0,153.0,154.5,156.0,158.63,2009,31/10/2025 10:00,31/10/2025 07:00,31/10/2025 10:00,108.44999694824219,13.399999618530273
71709,AyunPa,Gia Lai,Ba,15171.0,Bình thường,0.0,153.0,154.5,156.0,158.63,2009,31/10/2025 13:00,31/10/2025 10:00,31/10/2025 13:00,108.44999694824219,13.399999618530273
71709,AyunPa,Gia Lai,Ba,15159.0,Bình thường,0.0,153.0,154.5,156.0,158.63,2009,31/10/2025 16:00,31/10/2025 13:00,31/10/2025 16:00,108.44999694824219,13.399999618530273
71709,AyunPa,Gia Lai,Ba,15150.0,Bình thường,0.0,153.0,154.5,156.0,158.63,2009,31/10/2025 19:00,31/10/2025 16:00,31/10/2025 19:00,108.44999694824219,13.399999618530273
71709,AyunPa,Gia Lai,Ba,15215.0,Bình thường,0.0,153.0,154.5,156.0,158.63,2009,01/11/2025 01:00,31/10/2025 19:00,01/11/2025 01:00,108.44999694824219,13.399999618530273
